,Skill: (American Society For Quality) ASQ Certified,Skill: .NET Assemblies,Skill: .NET Development,Skill: .NET Framework,Skill: .NET Framework 1,Skill: .NET Framework 3,Skill: .NET Framework 4,Skill: 12 Volt Electricity,Skill: 1Password,Skill: 2020 Design Software,Skill: 2D Computer Graphics,Skill: 2D Computer-Aided Drafting And Design,Skill: 35 Mm Films,Skill: 389 Directory Server (Fedora Project),Skill: 3CX Phone Systems,Skill: 3D Animation,Skill: 3D Art,Skill: 3D Computer Graphics,Skill: 3D Graphic Design,Skill: 3D Modeling Software,Skill: 3D Reconstruction,Skill: 3D Rendering,Skill: 3D Scanning,Skill: 3D Visualization,Skill: 3GPP (Telecommunication),Skill: 3GPP2 (Telecommunication),Skill: 3M Codefinder,Skill: 3M Encoder,Skill: 401K Plan Administration,Skill: 4D Modeling (Construction),Skill: 529 College Savings Planning,Skill: 5G Technology,Skill: 5S Methodology,Skill: 64bit,Skill: 6LoWPAN,Skill: 7-Zip,Skill: A3 Problem Solving Techniques,Skill: AAA Server (Authentication Authorization And Accounting),Skill: AAA Video Games,Skill: ABR Routers,Skill: AC Power Plugs And Sockets,Skill: AC/DC Converters,Skill: AC/DC Power,Skill: ACI Concrete Field Testing Technician,Skill: ACI Concrete Strength Testing Technician,Skill: ACID Pro,Skill: ADABAS,Skill: ADHD Tutoring,Skill: ADO.NET (Programming Language),Skill: ADP Enterprise,Skill: ADP PCPW,Skill: ADP Pay eXpert,Skill: ADP PayForce,Skill: ADP Payroll,Skill: ADP Reporting,Skill: ADP SmartCompliance,Skill: ADP Vantage,Skill: ADP Workforce Now,Skill: ADT Security Services,Skill: AERMOD,Skill: AFNetworking,Skill: AGi32,Skill: AHIMA Standards Of Ethical Coding,Skill: AIRS Certified Diversity Recruiter (CDR),Skill: AISC 360 Specification For Structural Steel Buildings,Skill: ALGOL (ALGOrithmic Language),Skill: ALM Octane,Skill: AMPScript,Skill: AMS Device Management,Skill: AMT Asset Management Software,Skill: AMX Programming,Skill: ANCC Certified,Skill: ANSI Escape Codes (Computer Standards),Skill: ANSI/ANS Standards,Skill: ANSI/TIA/EIA,Skill: ANSYS IcePak (Simulation Software),Skill: ANSYS Meshing,Skill: ANTLR,Skill: AP Stylebook,Skill: APA Ethics Code,Skill: API Oil-Water Separator,Skill: API Throttling,Skill: APICS Certified Supply Chain Professional,Skill: APL (Programming Language),Skill: ARCore,Skill: ARINC Standards,Skill: ARKit,Skill: ARM Architecture Microprocessors,Skill: ARP4754,Skill: ARP4761,Skill: AS2,Skill: ASC 606 (Revenue Recognition),Skill: ASC 842 (Lease Accounting Standard)
2022-03-01,0.0003606335361138291,1.2141075240449748e-05,1.3233184037143217e-05,0.0034348588046041947,1.725432963689149e-08,6.665962839487927e-06,1.7447791372881337e-05,8.651082689531007e-05,6.2572728964436235e-06,3.700838104690887e-05,1.1976554483850658e-05,4.5706631675297226e-05,4.085950341952978e-06,-3.421460596507702e-09,1.213422566203883e-06,4.201581217225941e-05,3.760882487793596e-05,4.352773602986589e-05,2.346121959089394e-06,0.00014640779534506662,3.6079032733361282e-06,6.725176948793069e-05,3.216393025046797e-05,2.3593102122007953e-06,0.00014467331131438085,8.296392981033233e-06,1.1763874548051357e-05,2.226784057259432e-05,3.958752732898447e-06,6.621724687729512e-07,2.881931467924528e-06,0.0005733902668529882,9.206436945658709e-05,2.8287822258945965e-05,9.735029258743233e-07,1.355119003096013e-06,6.062086904169082e-07,6.270307234470572e-05,1.9396949160627928e-05,4.402625277139772e-06,4.4470396929146086e-05,4.896622204357024e-06,5.477565015568263e-05,1.815078381025167e-06,1.238104904347759e-06,-2.901616034076347e-08,9.979155213524429e-06,-2.33848814151553e-08,0.0005382634926910517,9.634180705803263e-05,1.337531516910557e-06,1.2722849232012198e-06,3.0992153776312815e-06,0.00016176681672468727,3.405498384953211e-05,1.571837098382172e-05,4.632447026856406e-05,0.00046049301422489245,9.648478940839031e-06,1.3726747730549062e-06,7.584113081348416e-06,1.0593681507842515e-05,5.69290793497601e-05,4.3899676909335273e-05,5.919482068840489e-07,1.9115450256579487e-09,-3.612821305803472e-07,0.00011648055825639644,1.4110533435629645e-06,0.0004506149542168491,5.731082808809327e-06,0.00029591932348701176,1.219583316410233e-05,7.0609195963157645e-06,2.577572300241486e-06,1.208881391306063e-05,0.0001243840015871336,3.637613458114458e-06,0.0005717750338956378,2.371146781798918e-06,1.544073533664111e-06,3.794128144613116e-05,0.0002456517107671102,9.752084613776874e-06,4.299336680830165e-06,5.517224705307087e-06,1.0639385220139015e-05,-8.943898107090797e-09,1.602333122270032e-06,4.621373169281078e-06,0.00012256177660517913,0.0003147727266479252,0.00013079436675661566
2022-04-01,0.0003573491459588619,1.216790594793156e-05,1.4044346682379171e-05,0.0035365825023350467,3.8117503017522605e-08,7.418525431807205e-06,1.4642467342459136e-05,8.20630680265055e-05,7.3672582532701635e-06,3.490945024817405e-05,1.2763670738710634e-05,4.4858927527981405e-05,2.8133248742782898e-06,-3.6259456776226445e-09,1.1551464690333346e-06,3.87554133249754e-05,3.724022757698258e-05,4.1877898778261775e-05,3.118954594977515e-06,0.0001512481331235221,3.7840291657973065e-06,6.508746884855153e-05,3.285635869782413e-05,1.8486755940130642e-06,0.00016006549968986073,7.78117453968483e-06,1.4134996575405073e-05,2.4804628919940454e-05,4.030516107285748e-06,6.422698516582682e-07,2.5721152815873472e-06,0.0005895536975048244,8.98505835744787e-05,2.4790461924969414e-05,8.613930731946565e-07,1.426937623155126e-06,5.772819113717044e-07,7.108528050094622e-05,2.2426416517801737e-05,6.353983213393482e-06,4.185546268454655e-05,5.771979938932389e-06,5.673322135441925e-05,1.8023882480982844e-06,1.2353047463695979e-06,-6.569648709138645e-08,1.0101205437113763e-05,-5.19418231403587e-08,0.0005687021033699109,9.963906175132699e-05,1.3963747965333876e-06,1.2585980695837999e-06,2.968367102433724e-06,0.00016349676444255885,3.511660510750078e-05,1.579631697234687e-05,5.093327592783873e-05,0.00046860232735861524,1.0914605477081617e-05,9.519871056719543e-07,8.385056771800304e-06,1.0237516173594664e-05,5.929521521967709e-05,5.8776540555531246e-05,5.271592466345558e-07,1.5563131282829303e-09,-1.082279574932216e-06,0.0001227617608498937,1.1997714179671248e-06,0.0004584019430576415,6.001666603444465e-06,0.0002928063716185241,1.149643334150446e-05,7.286638823803692e-06,1.2252329015352507e-06,1.4641456490789987e-05,0.00013188125133679597,4.678420387963911e-06,0.0005861730804846599,-3.9145576973950163e-07,1.5577040545328096e-06,3.767807724604466e-05,0.0002307410282889518,9.313788637420788e-06,2.6084282650730547e-06,5.59846433513181e-06,1.0399572080105123e-05,-2.8310865732113514e-08,1.6985687945823758e-06,4.814884386237537e-06,0.00012622801257544585,0.00032176047579770775,0.00012780843647488174
2022-05-01,0.00035348511437178977,1.2181856322835131e-05,1.4800521529949634e-05,0.0036390742674832673,5.8682755057678915e-08,8.23272317344116e-06,1.0551805853407903e-05,7.718082613787927e-05,8.339204176114644e-06,3.260514593382022e-05,1.3912845049834551e-05,4.407587835932296e-05,1.4569555663649227e-06,-2.38796315413072e-09,1.0842340607424642e-06,3.5308574967013014e-05,3.69798694752262e-05,4.014222331455416e-05,3.909920487105537e-06,0.00016230619834164934,3.920604151188808e-06,6.265852826256178e-05,3.353033305256865e-05,1.2920184920282446e-06,0.00017618251668291028,7.303376499644501e-06,1.6533767154385467e-05,2.724049630942132e-05,3.793231610536894e-06,6.257233401254444e-07,2.1999592331267906e-06,0.000605903655518685,8.758029621287457e-05,2.113907781244914e-05,7.463720847642403e-07,1.522879411706508e-06,5.450968815051409e-07,7.937208036974759e-05,2.5464647009007994e-05,8.382782944473998e-06,3.9399207148899786e-05,6.7206023252628304e-06,5.8745492637388715e-05,1.8132612341564178e-06,1.2600888727739616e-06,-9.621460289832715e-08,1.0218679661089319e-05,-8.07850142235823e-08,0.0005959431060122407,0.00010298222471827559,1.4591344803854837e-06,1.2473691554347032e-06,2.9330413332358004e-06,0.0001720472561783763,3.62158874782981e-05,1.5921701131450562e-05,5.569265105866074e-05,0.0004768928926533157,1.2183164914025298e-05,6.131645402741607e-07,9.154813704590994e-06,9.783219922560675e-06,5.854781253536966e-05,6.84207119316363e-05,4.80656536420041e-07,-1.2451631640631123e-09,-1.8129956591270175e-06,0.00013034988955780094,9.79284376396174e-07,0.0004663989533555106,6.231687798355712e-06,0.0002894191357721166,1.0729681387903063e-05,7.572097193811277e-06,-2.9268364597098313e-07,1.7192722963586706e-05,0.00013952055698554123,5.712733280185003e-06,0.0006007566223545548,-3.201968566334079e-06,1.5504970492311697e-06,3.715235430608627e-05,0.0002156341030997326,8.746213534429785e-06,8.47066283812965e-07,5.593640574617381e-06,1.012424866148315e-05,-5.843966664723975e-08,1.8209420857353833e-06,4.9714165775683556e-06,0.0001302550306644194,0.00032690800074614994,0.0001249866611157653
2022-06-01,0.0003489649326215283,1.2177648514810946e-05,1.5581940706788886e-05,0.0037420840469523527,7.917675253078162e-08,9.100460909484989e-06,6.572023169335436e-06,7.184980626404905e-05,9.276504512629841e-06,3.045049977444271e-05,1.5070327338114349e-05,4.333770333481404e-05,6.165384906189223e-08,-7.511158395203366e-10,1.000925525136685e-06,3.1669882792021014e-05,3.687505193858393e-05,3.831328613282558e-05,4.720686928964559e-06,0.00017151715673180428,4.015604456622273e-06,6.0437078943422496e-05,3.4178296339516636e-05,7.058057002338336e-07,0.00019286543941568146,6.851424243599712e-06,1.8975828010327106e-05,2.966047681123497e-05,3.565250435909324e-06,6.081676327159769e-07,1.7945826872846096e-06,0.000622468856461403,8.521653893481495e-05,1.733712325213893e-05,6.279817043440198e-07,1.6508570083828407e-06,5.109924259092185e-07,8.785597997746027e-05,2.856237983001095e-05,1.0463699957916653e-05,3.702548498614792e-05,7.7352563370967e-06,6.086918076561042e-05,1.8585254418200847e-06,1.316654701101612e-06,-1.2272500763391857e-07,1.0333859329818383e-05,-1.0967516097008204e-07,0.0006234565704119289,0.00010637201874543644,1.5246069077507951e-06,1.2374253733182938e-06,2.9613341364333515e-06,0.00018216870485923044,3.730778211085652e-05,1.604266517007388e-05,6.060059916611037e-05,0.0004852570427859601,1.3468874587708692e-05,3.0453452867928665e-07,9.963383922906261e-06,9.255455303519796e-06,6.02653918298901e-05,6.788320475645571e-05,4.4181840792943693e-07,-5.8999216714931555e-09,-2.567006986083829e-06,0.00013817299306957822,7.531085602585333e-07,0.00047255509441106376,6.4337086143675835e-06,0.00028474812297038526,9.923969794758545e-06,7.873599147756388e-06,-1.8846722841198727e-06,1.9775556053450768e-05,0.0001472889281738926,6.770828023936882e-06,0.0006154396928498712,-6.0846836297020465e-06,1.5233430372161597e-06,3.660834952129099e-05,0.00020044512116993958,8.258647696941624e-06,-9.786571180952151e-07,5.505969398276499e-06,9.813666743116024e-06,-9.940835498957472e-08,1.892222683013826e-06,5.100991612802746e-06,0.0001337883875956109,0.00033064057907124684,0.00012219542845667134
2022-07-01,0.0003437959254466597,1.2167981485651062e-05,1.6395505204746508e-05,0.0038456651567403202,9.992641276182461e-08,1.0019539254973673e-05,3.86012172208228e-06,6.63134502682631e-05,1.0282963097487153e-05,2.8394552855391e-05,1.554139906264653e-05,4.2638254898670395e-05,-1.3506387505274436e-06,1.0923737304026664e-09,9.056470167682555e-07,2.78310664236945e-05,3.6870575075714294e-05,3.639240470158515e-05,5.552967505102359e-06,0.0001862770863497921,4.068932194269965e-06,5.872662178827089e-05,3.480024114272854e-05,9.313481030236987e-08,0.00021005580228675475,6.422368832280078e-06,2.1475952032019768e-05,3.209678162484562e-05,3.461195158370867e-06,5.910227132001904e-07,1.381389504413577e-06,0.0006392605709238834,8.275257051647774e-05,1.3384848173050694e-05,5.06147760732335e-07,1.8203087614934033e-06,4.7539527544420043e-07,9.67388100708839e-05,3.1729287281713996e-05,1.2595340856937468e-05,3.469472115483724e-05,8.811224163521384e-06,6.310671044205798e-05,1.9417007575611933e-06,1.4068246250843057e-06,-1.491943626723501e-07,1.0447019360582394e-05,-1.3906048919552234e-07,0.0006538014247818481,0.0001098245152806921,1.5925707198319098e-06,1.2287773096063207e-06,3.024844550310858e-06,0.00019128438628694057,3.838384654078853e-05,1.6163021273058647e-05,6.569589194796362e-05,0.0004937107468007202,1.4784010653460733e-05,6.582653405424418e-09,1.0832270488985367e-05,8.659238013101744e-06,6.338624066717553e-05,5.965653083605994e-05,3.9777506905967915e-07,-1.2143742884856103e-08,-3.3424880431149624e-06,0.0001459383981665275,5.215544744376643e-07,0.0004767756365070505,6.628770177465198e-06,0.0002803652971402315,9.079737131824634e-06,8.181423935942512e-06,-3.4986973242577734e-06,2.2398367015385922e-05,0.000155180730955165,7.863993607700646e-06,0.0006301618839676046,-9.051639314273052e-06,1.4774372238036378e-06,3.601594023394359e-05,0.0001850967664668257,7.856007189497132e-06,-2.8674088842192514e-06,5.3362555759546455e-06,9.46747655825109e-06,-1.5123491680663274e-07,1.7677270356455915e-06,5.208805119433556e-06,0.00013647387354923232,0.0003346802551275546,0.0001194936660439313
2022-08-01,0.0003379856415108201,1.2148609270819155e-05,1.7232517151633495e-05,0.0039498598548053255,1.2097900813837264e-07,1.0989577129128692e-05,2.8597508816156957e-06,6.061239170599045e-05,1.136372558783046e-05,2.6330447819340672e-05,1.5841379995164342e-05,4.197552684217905e-05,-2.7856161948115924e-06,3.174880350926886e-09,7.985574593733789e-07,2.378913934486843e-05,3.6940369472569424e-05,3.437989427886913e-05,6.407416350995643e-06,0.00019851410093805962,4.080734572238722e-06,5.675300358143636e-05,3.539648950032942e-05,-5.484659787628611e-07,0.00022775569488968668,6.016488279197665e-06,2.402997481037721e-05,3.455884321889518e-05,3.2796497959156932e-06,5.750018339838512e-07,9.578106004384766e-07,0.0006562852162911141,8.018742527648495e-05,9.282176665019988e-06,3.808807849332126e-07,2.0349518033296828e-06,4.38441462238969e-07,0.00010599959444715105,3.4962491557672016e-05,1.4776637551459989e-05,3.2407924199409775e-05,9.94609870257504e-06,6.545572504732577e-05,2.0631708855274285e-06,1.5318406541591759e-06,-1.7608700702864624e-07,1.0558192881213088e-05,-1.6921460892320152e-07,0.0006882567372370136,0.00011334786946736473,1.6629851987577344e-06,1.221473051593862e-06,3.1228044059883136e-06,0.00019894085030866928,3.9444215399025395e-05,1.6300679359783916e-05,7.102002873616696e-05,0.0005022629792568138,1.6130345535562128e-05,-2.7468850380091264e-07,1.175080256856071e-05,7.99496208304006e-06,6.760308507948864e-05,5.102771129160175e-05,3.520581476539411e-07,-1.9915151068340612e-08,-4.136603052060412e-06,0.00015380611162606043,2.845108072233788e-07,0.0004803945498261335,6.819153954743836e-06,0.0002762393454389127,8.1904575716427e-06,8.500545757519751e-06,-5.1420464185790306e-06,2.505829443752522e-05,0.000163195095806592,8.988466446311036e-06,0.0006449136124347741,-1.209479493509188e-05,1.4130001990055689e-06,3.531006175554792e-05,0.00016953157686376663,7.474627119676752e-06,-4.81895670229716e-06,5.084626120426997e-06,9.085589365425063e-06,-2.1392349663693379e-07,1.5743953985821166e-06,5.295220533961338e-06,0.00013925419133733267,0.0003399758186636956,0.00011691926911967798
2022-09-01,0.00033153464563593016,1.211681335466299e-05,1.809045495833747e-05,0.0040546823482984365,1.423200847309903e-07,1.2010533061618985e-05,2.2668238033421608e-06,5.469676645376486e-05,1.2470637616330829e-05,2.423420854851244e-05,1.7257137203553505e-05,4.134882236660596e-05,-4.2510398811923245e-06,5.525050770636083e-09,6.796684868233919e-07,1.954347798692476e-05,3.7087954214128095e-05,3.227575344365146e-05,7.284183207272261e-06,0.00020402138328109204,4.0510467651761405e-06,5.4609949157956914e-05,3.5967151256892383e-05,-1.2205753051847708e-06,0.00024596727035706804,5.633992800143606e-06,2.6634297692161703e-05,3.704258667899349e-05,3.0851144788080314e-06,5.590381263575983e-07,5.248498043180658e-07,0.0006735447314877883,7.752102715865601e-05,5.029067522175299e-06,2.5218350014476763e-07,2.2947357049363836e-06,4.00174350007871e-07,0.0001155637845188669,3.8260833324947095e-05,1.7004773943989478e-05,3.017152878261223e-05,1.1138911891598745e-05,6.79156652321443e-05,2.2226283845386716e-06,1.6924754271017075e-06,-2.0260706887044652e-07,1.0667383883650138e-05,-2.0023351487272073e-07,0.0007241880467061314,0.00011694068617286312,1.7358428547636807e-06,1.2155214283021784e-06,3.262105518366655e-06,0.00020408526708969832,4.048962452679624e-05,1.6459901872289058e-05,7.65820274207112e-05,0.0005109129980495438,1.7506216559476736e-05,-5.353479472591641e-07,1.270931362474571e-05,7.262506972273332e-06,7.376773992672754e-05,4.630569054442455e-05,3.0612343892521935e-07,-2.92088519651774e-08,-4.949023080781216e-06,0.00016195360789721092,4.1969512722839204e-08,0.000485142884327941,7.001038105368763e-06,0.00027163036091843194,7.253305564273143e-06,8.835913728145088e-06,-6.8227311685909625e-06,2.7752432260509865e-05,0.00017133208993235925,1.0138391308624538e-05,0.0006596989261296387,-1.5205025474470414e-05,1.3299750879198696e-06,3.447755267234499e-05,0.0001537300154019367,7.0906123764704585e-06,-6.833260740775261e-06,4.751082345479835e-06,8.66799562550147e-06,-2.874750495096426e-07,1.5282324480108765e-06,5.3598707196346635e-06,0.0001423210505005821,0.00034609985117720787,0.00011447030923823216
2022-10-01,0.00032444239355111523,1.207336841093146e-05,1.8969944640672956e-05,0.0041601357240480625,1.6394340563699515e-07,1.3082402581490667e-05,1.1283552908314877e-06,4.854830256322987e-05,1.3575761755200288e-05,2.2125012112172284e-05,1.8796509376711063e-05,4.075789220074976e-05,-5.7476175443512315e-06,8.149498381661445e-09,5.489697033402284e-07,1.5094042890472422e-05,3.731970468537758e-05,3.007997422295881e-05,8.183278106588649e-06,0.00021543805015020607,3.979863840803527e-06,5.2483646929339565e-05,3.6512249249636825e-05,-1.9233858106582594e-06,0.0002646882279987682,5.274884969432966e-06,2.928818523280158e-05,3.95449283958043e-05,2.927838292265914e-06,5.425443263487197e-07,8.530505500311419e-08,0.000691039287698453,7.475347456658741e-05,6.255080320742963e-07,1.2005619354801267e-07,2.598916503927188e-06,3.6060776204542074e-07,0.00012540713308728218,4.162466209414276e-05,1.9277413314901e-05,2.7987155415650853e-05,1.2389288921802484e-05,7.048653935807248e-05,2.419850122211746e-06,1.8891215539019357e-06,-2.2849615744374743e-07,1.0774592848926606e-05,-2.3213678333989989e-07,0.0007598134149467391,0.00012059926167209044,1.811142310159604e-06,1.2109227354850103e-06,3.445154712415648e-06,0.0002064809192424176,4.152036765341089e-05,1.6637393154453444e-05,8.237433728723119e-05,0.0005196596511233231,1.891063087661718e-05,-7.758539791804293e-07,1.3707078474489481e-05,6.461814648094535e-06,7.87083164700114e-05,4.77514556421771e-05,2.589283038521517e-07,-4.002649329296431e-08,-5.78019326964088e-06,0.00017043194751017505,-2.060659083544416e-07,0.0004917286608083239,7.173031636965114e-06,0.00026682297224333467,6.268520944630689e-06,9.189202597536071e-06,-8.543962696063574e-06,3.0480153604462154e-05,0.00017959173599767833,1.131252456539978e-05,0.0006745202939697615,-1.8379742973903454e-05,1.228326636243325e-06,3.3526734808155e-05,0.00013768995023060953,6.715954812814233e-06,-8.91031276187323e-06,4.335616784196039e-06,8.214695917451954e-06,-3.7188979549285626e-07,1.612854455342273e-06,5.402636365565437e-06,0.0001458171304763183,0.00035258577043695527,0.00011213910966597094
2022-11-01,0.00031670875294502427,1.2018535156627686e-05,1.9871428493852857e-05,0.0042662203472816716,1.8584880216400528e-07,1.4205183783450229e-05,-8.87674788329221e-07,4.217516970644957e-05,1.4687901825763706e-05,2.001584680245205e-05,2.001607827830063e-05,4.020264649796325e-05,-7.273348288108528e-06,1.1047789748443657e-08,4.0645758733097795e-07,1.0440862862027476e-05,3.763674869162587e-05,2.779255586029396e-05,9.104691922058814e-06,0.00022786773887318093,3.867182078931917e-06,5.019617788561201e-05,3.703178616990964e-05,-2.6567282323982493e-06,0.0002839176921567147,4.93914960667164e-06,3.199181929785622e-05,4.2065015266326436e-05,2.7503426147595865e-06,5.258528127031126e-07,-3.6107015713613543e-07,0.00070876883054849,7.18848281749488e-05,-3.92850499236503e-06,-1.5501092820635844e-08,2.947183743293488e-06,3.1974610488071986e-07,0.00013554272962421147,4.5054140456005665e-05,2.1593529866128826e-05,2.585426841108101e-05,1.3697063824540923e-05,7.316836675933306e-05,2.6547605567710008e-06,2.121956119453131e-06,-2.5387928695276426e-07,1.08798198350075e-05,-2.6492351942611874e-07,0.0007954685642489927,0.00012432189821815848,1.8888833115289852e-06,1.2076768577836873e-06,3.6710196975619342e-06,0.00020766055445787499,4.253650707900413e-05,1.6831422610011332e-05,8.839344542628836e-05,0.0005285027171397041,2.034351080287358e-05,-9.968940975148834e-07,1.47463916609405e-05,5.592872440248715e-06,8.179762232578291e-05,6.660264040170585e-05,2.1064817119858505e-07,-5.236881299067669e-08,-6.630282556195159e-06,0.0001792159311906035,-4.595952554440518e-07,0.0004995298664780008,7.335583579639379e-06,0.00026216928511492476,5.23671883660941e-06,9.56024303847545e-06,-1.0307839570911609e-05,3.3241783173909204e-05,0.00018797401753809656,1.251271384249913e-05,0.0006893780440121234,-2.1620033271037106e-05,1.1080512855162855e-06,3.246167808467974e-05,0.00012141307769575352,6.362599573895079e-06,-1.1050110599973605e-05,3.838226294670266e-06,7.725690674337199e-06,-4.671677852970339e-07,1.7318637479393487e-06,5.423521079384049e-06,0.00014928646480182652,0.00035874160622775895,0.00010992402507502599
2022-12-01,0.0003083337487586453,1.1951875413650249e-05,2.0794912292828562e-05,0.004372936187622634,2.080366928719266e-07,1.537887584620806e-05,-3.413494904352511e-06,3.558301678027531e-05,1.5825304693818047e-05,1.7906389355586917e-05,2.1074966177239514e-05,3.9683052872870686e-05,-8.827413824816395e-06,1.4219167217681522e-08,2.521322628002329e-07,5.583952504633629e-06,3.803807875283111e-05,2.5413498478598773e-05,1.004841942593717e-05,0.0002415559002083703,3.713001164525358e-06,4.7987903002845824e-05,3.7525761839571935e-05,-3.420527250996467e-06,0.0003036558410650921,4.626784423970567e-06,3.474572244210096e-05,4.4603038813153564e-05,2.5632614626363554e-06,5.092941959250573e-07,-8.144648667553101e-07,0.0007267333620458626,6.891510214195863e-05,-8.63297225962848e-06,-1.544883483375467e-07,3.339554996893889e-06,2.7759078320775883e-07,0.00014598307807009303,4.854917002699687e-05,2.395295754867384e-05,2.3772474885497356e-05,1.506215997420396e-05,7.596114406120487e-05,2.9273514834873277e-06,2.3910591906509095e-06,-2.7882877587275217e-07,1.0983064848877663e-05,-2.985908500483962e-07,0.0008313207290713367,0.00012810886386775344,1.9690658122576183e-06,1.2057837942115603e-06,3.938805029891248e-06,0.00021084498311542266,4.3538044927969184e-05,1.70424164958728e-05,9.464027168808693e-05,0.0005374422223992254,2.1805012301793585e-05,-1.1984813339161938e-06,1.5828288877433637e-05,4.655679143318579e-06,8.359966350434222e-05,9.478142675533593e-05,1.6153422957298923e-07,-6.623590888234724e-08,-7.49924903358e-06,0.00018827572203463565,-7.186186379673791e-07,0.0005074610317390095,7.489084445224779e-06,0.00025745414997729236,4.158048310856256e-06,9.948562874502484e-06,-1.2113119447990702e-05,3.603758183965863e-05,0.000196478926010678,1.3740262304739158e-05,0.0007042719899459467,-2.4926977669311754e-05,9.69151467143098e-07,3.128176902432073e-05,0.00010490061984594557,6.030922725412001e-06,-1.3252653617076571e-05,3.2589100603163316e-06,7.2009799780903515e-06,-5.733090306074252e-07,1.8488588628925583e-06,5.4225361417114915e-06,0.00015229741514295535,0.0003641772741387055,0.00010782606379686617
2023-01-01,0.000299317395972133,1.1873230186990127e-05,2.174034093238196e-05,0.004480283218733114,2.3050717149919532e-07,1.6603478551184438e-05,-4.957654029811917e-06,2.8770995808118132e-05,1.6993251006416313e-05,1.5793193471885752e-05,2.217593730943384e-05,3.9199099664313134e-05,-1.0410133006767474e-05,1.7663416743872068e-08,8.59941042037181e-08,5.233157052520019e-07,3.852315457680435e-05,2.294280210887608e-05,1.1014458999944962e-05,0.00025965739598616475,3.517321332027197e-06,4.582577937642327e-05,3.79941760566101e-05,-4.21478602321283e-06,0.0003239027437785595,4.3377901754292185e-06,3.755014949035305e-05,4.7159231397772885e-05,2.3855360728830342e-06,4.92838015383789e-07,-1.2746351849671543e-06,0.0007449328968184025,6.58442962264597e-05,-1.3487893914376753e-05,-2.9690557065568286e-07,3.7761017681774714e-06,2.3414224480871756e-07,0.00015672896480860442,5.210968197848682e-05,2.6355787854148777e-05,2.17417477882111e-05,1.6484545899400323e-05,7.886486717677713e-05,3.2376294204426113e-06,2.696469707016883e-06,-3.033273443849591e-07,1.1084327891378777e-05,-3.331373022833012e-07,0.0008693438300473082,0.00013196088542981283,2.051689803771145e-06,1.2052435534256184e-06,4.248452128340601e-06,0.00021783197804564313,4.452497706079231e-05,1.727085534817327e-05,0.00010111534148071516,0.0005464781778774645,2.329521100103383e-05,-1.3805068552808786e-06,1.6952543454430095e-05,3.650234994473942e-06,8.613732095886553e-05,0.00011048233037872183,1.1145940981864352e-07,-8.162775779108178e-08,-8.387050420436235e-06,0.00019760207713572,-9.83136060639183e-07,0.0005148090654682922,7.633534304981047e-06,0.00025253356064115507,3.0324279779961016e-06,1.0353932538196076e-05,-1.3957465976398896e-05,3.8867592438918973e-05,0.00020510646027075455,1.4994911904736753e-05,0.0007192020315916891,-2.8300714482022557e-05,8.116281341039121e-07,2.9986276009414157e-05,8.815298706617224e-05,5.7171953568420555e-06,-1.551794162328928e-05,2.597667944612141e-06,6.640563834064003e-06,-6.903135341166712e-07,1.8952678794269837e-06,5.399683927962431e-06,0.00015552886494198348,0.00036927445601493767,0.00010584580096105906
2023-02-01,0.0002896596948349712,1.178274161645532e-05,2.2707703067228816e-05,0.004588261435217696,2.532602260097539e-07,1.7878991862806732e-05,-4.931106066372964e-06,2.1737669048215062e-05,1.8185616302561044e-05,1.3675126300803882e-05,2.3956638897703987e-05,3.875078267596524e-05,-1.2021837701123638e-05,2.1380536661985192e-08,-9.195680249524992e-08,-4.741047001078052e-06,3.909202435142942e-05,2.0380466751150572e-05,1.2002810365421926e-05,0.00027431140685514404,3.2801426508046445e-06,4.353007111938556e-05,3.843702875574225e-05,-5.0395148143081255e-06,0.0003446583514501779,4.072167125474809e-06,4.040503798681749e-05,4.973366891433646e-05,2.2016614251364775e-06,4.763680734751709e-07,-1.7415867011917542e-06,0.0007633674397562818,6.267240927121471e-05,-1.849326998420444e-05,-4.4275275932574777e-07,4.2568515604076595e-06,1.8940063242563231e-07,0.00016777678181596336,5.5735678458874484e-05,2.8802085530871407e-05,1.976213870859512e-05,1.7964210445009027e-05,8.18795348950072e-05,3.585599024848486e-06,3.0382074819328326e-06,-3.273580824766416e-07,1.1183608962612266e-05,-3.68562414592167e-07,0.0009100608889313305,0.00013587828944344916,2.1367552844923705e-06,1.206056137826282e-06,4.600163003801239e-06,0.000227335496454085,4.54973015929318e-05,1.7516715044696108e-05,0.00010781837725235704,0.0005556105792015048,2.481410718975042e-05,-1.5429547780108142e-06,1.8118797727503017e-05,2.5765401290664176e-06,9.266847337581892e-05,0.0001071906895081491,6.038891516980269e-08,-9.85443445787622e-08,-9.29368378175228e-06,0.00020719885790662401,-1.2531475200592679e-06,0.0005214870349290422,7.76885285593523e-06,0.00024753314801849365,1.8597947943859335e-06,1.0776328217116893e-05,-1.5840653713214688e-05,4.173178023042464e-05,0.00021385662056035121,1.6275980049000144e-05,0.0007341681582646969,-3.174099543319135e-05,6.354812981401117e-07,2.8575263150052066e-05,7.117022234892918e-05,5.41996325897314e-06,-1.784597456323895e-05,1.854499943092801e-06,6.0444422409251014e-06,-8.181812964452391e-07,1.8234243632623157e-06,5.354964019474183e-06,0.0001590170883430203,0.00037446842696817445,0.000103983200271824
2023-03-01,0.0002793606441310136,1.1680513349875604e-05,2.3697003520652032e-05,0.004696870837526312,2.7629584727451324e-07,1.9205415778154795e-05,-3.871150462736502e-06,1.4482972894374656e-05,1.9396616600758393e-05,1.1552673462205911e-05,2.599122836803737e-05,3.833810039806868e-05,-1.366253913919313e-05,2.5370546229147595e-08,-2.817204706249222e-07,-1.0209135675900822e-05,3.974481530964783e-05,1.7726492404654512e-05,1.3013473540825734e-05,0.0002889211554831777,3.0014651154697346e-06,4.1258123327095176e-05,3.885431992311957e-05,-5.8947148499940826e-06,0.00036592264716992965,3.829915258734718e-06,4.331028278822537e-05,5.2326344809843635e-05,2.0122204165097643e-06,4.5987220133305906e-07,-2.2153499800888243e-06,0.0007820369907961941,5.939944090610598e-05,-2.3649100474069606e-05,-5.920299142615825e-07,4.7818015701812296e-06,1.4336599156118236e-07,0.00017912484915948802,5.942717360492658e-05,3.12918535797766e-05,1.783366582967601e-05,1.9501149938100434e-05,8.50051471110872e-05,3.971261837602903e-06,3.4162824946459685e-06,-3.5092341100979303e-07,1.1280908062590354e-05,-4.0486611198548633e-07,0.0009519592956587935,0.00013986101722908846,2.224262254131182e-06,1.2082215477384046e-06,4.9940172337056345e-06,0.00023698660009009143,4.6455018077824016e-05,1.7779871059283954e-05,0.00011474930261081315,0.0005648394234182396,2.636168676550005e-05,-1.685840564929127e-06,1.9326980144835907e-05,1.434594578811374e-06,0.0001003983071887067,8.89768889320725e-05,8.358884198877332e-09,-1.1698566565163101e-07,-1.021915617941969e-05,0.00021707108881734258,-1.5286530161274445e-06,0.0005278443165147423,7.89502095144028e-06,0.00024250370935680643,6.401419703692179e-07,1.121578812973823e-05,-1.7763785713615473e-05,4.463012218298285e-05,0.00022272940695223814,1.7583290532991624e-05,0.000749170378386507,-3.524767017231121e-05,4.407108721237095e-07,2.7048904301204437e-05,5.3952289164614604e-05,5.139913212386197e-06,-2.0236752421078877e-05,1.0294060625335986e-06,5.412615198197622e-06,-9.569123177361038e-07,1.6995292357773552e-06,5.288376108931856e-06,0.0001625182995659139,0.0003799875963855576,0.00010223814465209016
2023-04-01,0.0002684202436494564,1.1566533599115823e-05,2.4708244664910234e-05,0.004806111426413385,2.996140343864275e-07,2.0582750297128308e-05,-2.777997957935125e-06,7.007223253258527e-06,2.062620494081769e-05,9.426297613317831e-06,2.7396430590811166e-05,3.796105228745842e-05,-1.5332145961108212e-05,2.9633452059734547e-08,-4.832969117990128e-07,-1.5880950382882354e-05,4.0481555468477246e-05,1.498087906931104e-05,1.404644856063524e-05,0.0003030308662752639,2.6812887195152153e-06,3.897868607524241e-05,3.924604955691771e-05,-6.78038469675156e-06,0.00038769563605204195,3.6110345552702e-06,4.6265848636932515e-05,5.49372427630959e-05,1.8236604411038403e-06,4.433858326575547e-07,-2.69589838446377e-06,0.0008009415495281268,5.6025391078691274e-05,-2.895538538481359e-05,-7.447370354459832e-07,5.350944870004735e-06,9.603833672051201e-08,0.0001907736214856775,6.318417068994911e-05,3.382507358919573e-05,1.5956326427115713e-05,2.109536318686112e-05,8.824170387472115e-05,4.394618007761614e-06,3.830699628147766e-06,-3.740272940806614e-07,1.137622519131451e-05,-4.420484093010941e-07,0.0009944359875452258,0.0001439089242942933,2.3142107126342143e-06,1.211739783189023e-06,5.429990663672142e-06,0.0002452549142810468,4.739812648244657e-05,1.8060307290026256e-05,0.00012190823049019201,0.0005741647099592594,2.7937944152658545e-05,-1.8091687227405088e-06,2.0577159109806578e-05,2.2439834721396726e-07,0.00010633660032970545,6.891534571423389e-05,-4.463336067524382e-08,-1.369517207938014e-07,-1.1163469910242104e-05,0.00022722045217423247,-1.8096525489487763e-06,0.0005343007954467666,8.012050505188933e-06,0.00023738286145186488,-6.26520090335008e-07,1.1672339324440682e-05,-1.9727347531265765e-05,4.7562615737167995e-05,0.00023172481942394606,1.8917070682091424e-05,0.0007642086959920242,-3.8820739695613623e-05,2.2731683285316313e-07,2.5407213377456992e-05,3.649916163167143e-05,4.87776186192359e-06,-2.2690275192320576e-05,1.2238630599168888e-07,4.7450827058133566e-06,-1.1065065980222108e-06,1.6143919494747362e-06,5.199920159603569e-06,0.0001660180987236199,0.0003858908747723166,0.00010061060988505465
2023-05-01,0.00025683849345927676,1.1440767854617337e-05,2.574142634366176e-05,0.004915983202203405,3.2321478782956966e-07,2.2010995419600745e-05,-3.3008089550453952e-06,-6.895091134336007e-07,2.1877175375267403e-05,7.29603743686532e-06,2.836690274700274e-05,3.7619638148718154e-05,-1.7030626763987584e-05,3.416925458991773e-08,-6.966861277433371e-07,-2.175649114358224e-05,4.130222663735742e-05,1.2143626745131598e-05,1.5101735439385547e-05,0.0003120629024613306,2.3196134621333655e-06,3.661989969378122e-05,3.961221765715516e-05,-7.696523879594738e-06,0.0004099773196649649,3.415525013591903e-06,4.9271746512026636e-05,5.756635635344085e-05,1.632044505955859e-06,4.269177862818109e-07,-3.1832288161537896e-06,0.0008200811159116026,5.2550259793755014e-05,-3.4412124716570955e-05,-9.008741228754952e-07,5.964279008214403e-06,4.741767252750746e-08,0.00020272379896300782,6.700666811606677e-05,3.640173287146672e-05,1.413011704612966e-05,2.274684986370784e-05,9.158920521049144e-05,4.855667392535051e-06,4.281461236847824e-06,-3.966694061296423e-07,1.1469560348784913e-05,-4.801093238264183e-07,0.001037148441364391,0.00014802194738111643,2.406600659991652e-06,1.2166108441838628e-06,5.90805588682664e-06,0.00025197290080996486,4.832662682910572e-05,1.835805252083991e-05,0.000129295187411324,0.0005835864388215843,2.954287981906649e-05,-1.9129373385412164e-06,2.1869378737877096e-05,-1.0540485661630934e-06,0.00011030437416249735,5.504197916961574e-05,-9.859483960757791e-08,-1.5844251015931325e-07,-1.2126624236842957e-05,0.0002376463703169256,-2.0961461185249706e-06,0.0005410666993121151,8.119948270266263e-06,0.00023215802806319667,-1.940186243160459e-06,1.2145988531449998e-05,-2.1731024266014348e-05,5.0529264467184714e-05,0.00024084285796164637,2.0277496979025555e-05,0.0007792831114023528,-4.2460245082556216e-05,-4.7008173162423265e-09,2.365015093821477e-05,1.8810831147968935e-05,4.63354356100707e-06,-2.520654287569748e-05,-8.665593257074716e-07,4.041844763771472e-06,-1.2669641373111522e-06,1.6022559790840244e-06,5.08959618956844e-06,0.00016929562338669185,0.00039198332918561653,9.910061141960483e-05
2023-06-01,0.0002446153935889074,1.1303209505889747e-05,2.6796548225097872e-05,0.005026486164989496,3.4709810776388014e-07,2.3490151145497716e-05,-5.992035995070886e-06,-8.607283525157827e-06,2.3151015112663768e-05,5.161787747143964e-06,2.9522087087987385e-05,3.731385791154155e-05,-1.8757997959501586e-05,3.897795335368139e-08,-9.218881177959092e-07,-2.7835757962216585e-05,4.2206817521471176e-05,9.214735432119232e-06,1.6179334180733903e-05,0.0003247577399574294,1.9164393436856428e-06,3.426773225923401e-05,3.9952824223928325e-05,-8.643132566032574e-06,0.0004327676968842288,3.2433866349008777e-06,5.232799391601174e-05,6.021368550348113e-05,1.4368074325953267e-06,4.1045699724548497e-07,-3.677346690778675e-06,0.0008394556899928266,4.8974047056862254e-05,-4.0019318469361814e-05,-1.0604411765494314e-06,6.621804346559645e-06,-2.4959995438492243e-09,0.00021497551587576342,7.08946650417359e-05,3.9021828175013334e-05,1.2355037146852786e-05,2.4455609943963178e-05,9.504765112464316e-05,5.354409894426259e-06,4.768568461646966e-06,-4.188487563423429e-07,1.1560913535001585e-05,-5.190488632746e-07,0.0010807895022595662,0.00015220009906486825,2.501432096201689e-06,1.2228347307254746e-06,6.42821002277318e-06,0.0002576366575293205,4.924051912969457e-05,1.867311634054976e-05,0.00013691013984371797,0.0005931046099982325,3.1176494995914186e-05,-1.997145446505726e-06,2.3203637141971443e-05,-2.400746161632492e-06,0.00011188377285219477,5.871202354992114e-05,-1.5352240249349986e-07,-1.814580338089002e-07,-1.3108618548703164e-05,0.0002483479991037664,-2.3881337248527987e-06,0.0005480884059245524,8.218713403636812e-06,0.00022685714827003144,-3.3008567754241217e-06,1.2636733472147885e-05,-2.3774499249984357e-05,5.353007037059129e-05,0.0002500835225637,2.1664545255916923e-05,0.0007943936242424635,-4.616620376448553e-05,-2.553420755935835e-07,2.1777703403549852e-05,8.872968512752032e-07,4.407038631232499e-06,-2.778555547085232e-05,-1.9374308324183846e-06,3.3029013720739177e-06,-1.438284935604677e-06,1.6586786366898949e-06,4.957404206346498e-06,0.0001725781599428726,0.000397988034763838,9.770815786488586e-05
2023-07-01,0.00023175094403700896,1.1153866464903712e-05,2.7873610265177113e-05,0.005137620314791184,3.712639941854762e-07,2.5020217474798214e-05,-9.619244852991141e-06,-1.6746126661917125e-05,2.4447141975726902e-05,3.0235014581024536e-06,3.130615485921037e-05,3.704371155063387e-05,-2.0514273584826635e-05,4.4059548154310676e-08,-1.1589028816210645e-06,-3.4118750838953716e-05,4.3195328542030755e-05,6.194205130273955e-06,1.7279244785058344e-05,0.000341445593882562,1.4717663643044562e-06,3.1870390513260006e-05,4.0267869257271265e-05,-9.62021088966138e-06,0.00045606676737521435,3.094619419461729e-06,5.543459735822438e-05,6.28792313088495e-05,1.2399938944612781e-06,3.9399877893406545e-07,-4.178250201728875e-06,0.0008590652717881063,4.529675286998645e-05,-4.577696664318893e-05,-1.2234381964676565e-06,7.323521551200032e-06,-5.3702679023688535e-08,0.0002275286072274603,7.48481615850461e-05,4.1685360511338316e-05,1.0631087094845577e-05,2.6221643479490045e-05,9.86170416183836e-05,5.8908454821245105e-06,5.292021861680564e-06,-4.40565350827642e-07,1.1650284749964527e-05,-5.588670297898955e-07,0.001126324953568912,0.00015644340801997824,2.5987050212639936e-06,1.230411442814602e-06,6.990458899700207e-06,0.000262971390946056,5.013980338733889e-05,1.900549333124366e-05,0.00014475307888739256,0.0006027192234700405,3.283879007729501e-05,-2.0617932315765643e-06,2.457992194392661e-05,-3.81569443927294e-06,0.00011413991711653866,9.483870738627125e-05,-2.0941528775728666e-07,-2.0599829175133094e-07,-1.4109452829485118e-05,0.00025932503361919914,-2.68561536793225e-06,0.0005551716493038528,8.308344318445037e-06,0.00022148005081597288,-4.708532849960871e-06,1.3144571336905808e-05,-2.5857786745328336e-05,5.6565033556455694e-05,0.00025944681323067625,2.3078126864502507e-05,0.0008095402343510914,-4.9938612016456376e-05,-5.246069414939126e-07,1.9789875493553325e-05,-1.7271440471734354e-05,4.198157242407792e-06,-3.042731297768427e-05,-3.0902282141334675e-06,2.5282525307211676e-06,-1.6204689929031886e-06,1.748212365109471e-06,4.803344210152343e-06,0.00017608550861362494,0.0004037845059656675,9.643324861516885e-05
2023-08-01,0.00021824514480099004,1.0992742615472914e-05,2.8972612497612775e-05,0.005249385651611284,3.9571244708202526e-07,2.6601194407498988e-05,-1.2732731783689698e-05,-2.510602976973797e-05,2.5764526119901754e-05,8.811889622836058e-07,3.357338042894e-05,3.6809199056894584e-05,-2.229945328288693e-05,4.941403896895559e-08,-1.407730419195179e-06,-4.060546977355867e-05,4.426776218525977e-05,3.0820358395956975e-06,1.8401467252198578e-05,0.0003561474586951278,9.85594523986328e-07,2.9418330612344388e-05,4.055735275719157e-05,-1.0627758856478407e-05,0.000479874531272857,2.9692233672262527e-06,5.859155477261135e-05,6.556299428991334e-05,1.0406822712408155e-06,3.775464040148906e-07,-4.685938616521945e-06,0.0008789098612963118,4.151837723349976e-05,-5.168506923805263e-05,-1.3898651826301429e-06,8.069430838842762e-06,-1.0620236576222752e-07,0.0002403829660452615,7.886715790896581e-05,4.4392331125623324e-05,8.958267070174757e-06,2.8044950519883432e-05,0.00010229737669193174,6.464974153019967e-06,5.851821712309655e-06,-4.618194428787729e-07,1.1737673993673741e-05,-5.995638236148939e-07,0.0011734859834857633,0.0001607518864813331,2.6984194351785043e-06,1.2393409804513937e-06,7.594805106570881e-06,0.00026914463937486097,5.1024479602374374e-05,1.935518004994425e-05,0.00015282401314531345,0.0006124302792282841,3.452976498608341e-05,-2.106880872252571e-06,2.5998229089775403e-05,-5.298893399094281e-06,0.00011950444008287486,0.00014512262593762286,-2.662745230230802e-07,-2.3206328398531367e-07,-1.5129127187970856e-05,0.0002705775581107395,-2.988591047763424e-06,0.0005621452954740075,8.38884081055885e-06,0.00021601539095563908,-6.163214824255781e-06,1.3669501045467663e-05,-2.7981021351120262e-05,5.96341536679448e-05,0.0002689327299627423,2.4518213899963258e-05,0.0008247229417199795,-5.377746341885602e-05,-8.124954151581557e-07,1.7686671064025498e-05,-3.566538027293157e-05,4.006938313186573e-06,-3.3131815396164846e-05,-4.324951470858784e-06,1.7178982397132722e-06,-1.8135163092067796e-06,1.8077775018794098e-06,4.627416200380385e-06,0.00017962947344892253,0.00040944132150916865,9.527588190316472e-05
2023-09-01,0.0002040979958805582,1.0819836646522557e-05,3.009355493450102e-05,0.005361782175450004,4.2044346645140614e-07,2.8233081943599854e-05,-1.4400979378148087e-05,-3.368698521359552e-05,2.7102911538066517e-05,-1.2651339730544882e-06,3.535837921366551e-05,3.6610320427049515e-05,-2.4113532932723543e-05,5.504142580816186e-08,-1.6683707305441497e-06,-4.72959147659234e-05,4.5424119107323306e-05,-1.2177243991554597e-07,1.9546001582044106e-05,0.00037377181656033385,4.5792382272012677e-07,2.6977622626400933e-05,4.082127472369034e-05,-1.166577644455684e-05,0.0005041909886111971,2.867198478169615e-06,6.179886297953085e-05,6.826497449362017e-05,8.385058226159804e-07,3.611021047521639e-07,-5.2004125186913865e-06,0.0008989894585155781,3.7638920147386976e-05,-5.774362625395296e-05,-1.5597221350368851e-06,8.859532166402265e-06,-1.5999505971171893e-07,0.00025353860138659014,8.295165401810475e-05,4.7142740419139734e-05,7.3365770678701655e-06,2.9925531097619536e-05,0.00010608865634531477,7.076795910237608e-06,6.447968148784486e-06,-4.82611056106412e-07,1.1823081266129228e-05,-6.411392446224114e-07,0.0012219421148066693,0.00016512553176918138,2.8005753379452106e-06,1.2496233436358746e-06,8.241248041161439e-06,0.00027726673922748453,5.189454777468817e-05,1.972217719749617e-05,0.00016112294486307028,0.0006222377772710269,3.6249419618008585e-05,-2.1324083614245e-06,2.745856036645637e-05,-6.850343041095796e-06,0.0001266516223983964,0.0001775478869376239,-3.2410000507809254e-07,-2.5965301050983695e-07,-1.6167641654277156e-05,0.0002821057139474841,-3.2970607643463184e-06,0.0005689562567782762,8.460203157087705e-06,0.0002104661262913935,-7.664902584897294e-06,1.4211522618311473e-05,-3.014424953633854e-05,6.273743053510932e-05,0.00027854127275986514,2.5984833384957314e-05,0.0008399417463656185,-5.76827561878727e-05,-1.1190074966678972e-06,1.5468090137362802e-05,-5.4294522372031514e-05,3.833424865004803e-06,-3.5899062726286e-05,-5.641600602597298e-06,8.718384990502264e-07,-2.0174268845154717e-06,1.7926116843541917e-06,4.429620176867443e-06,0.00018311537261001058,0.0004151159898084043,9.423605737433705e-05
2023-10-01,0.00018930949727588494,1.0635147090440092e-05,3.123643757388473e-05,0.0054748098863073615,4.4545705229409833e-07,2.991588008310084e-05,-1.493125454152556e-05,-4.248899362642626e-05,2.846266592436336e-05,-3.415464448802416e-06,3.663929911684528e-05,3.644707565992068e-05,-2.5956511364526827e-05,6.094170867758267e-08,-1.940823815676919e-06,-5.4190085816020707e-05,4.666439898515763e-05,-3.4172197082597757e-06,2.0712847774557706e-05,0.00039005422054152496,-1.1124573949598257e-07,2.450329642166348e-05,4.105963515676757e-05,-1.2734263646806354e-05,0.0005290161393641194,2.7885447522918386e-06,6.505652089706415e-05,7.098517184987035e-05,6.340769923978861e-07,3.446650950843078e-07,-5.721671785414981e-06,0.0009193040634456901,3.36583816116109e-05,-6.395263769088991e-05,-1.7330090536878823e-06,9.693825470146156e-06,-2.1508076085694222e-07,0.0002669955500787626,8.710164988251512e-05,4.993658829343298e-05,5.76601705989485e-06,3.186338523158067e-05,0.00010999088057852321,7.726310755817043e-06,7.080461237251297e-06,-5.029401283261013e-07,1.1906506567330984e-05,-6.835932927129296e-07,0.001271203702308406,0.0001695643381948826,2.9051727295641098e-06,1.2612585323680488e-06,8.929786871072747e-06,0.0002873790021581647,5.275000790420652e-05,2.010648576609639e-05,0.0001696498717321956,0.0006321417175979549,3.799775394674391e-05,-2.1383756695286513e-06,2.8960917505047446e-05,-8.47004336527677e-06,0.0001337758466282115,0.00017212120588966877,-3.8289152523078306e-07,-2.8876747132465703e-07,-1.7224996215761614e-05,0.00029390955604635476,-3.611024517680931e-06,0.0005756619851702661,8.522431465723397e-06,0.00020483639068942262,-9.213596015891099e-06,1.477063631054228e-05,-3.23474349153722e-05,6.587486415928645e-05,0.0002882724416220214,2.7478009408633063e-05,0.0008551966482944011,-6.165449130201927e-05,-1.4441431860304987e-06,1.313413204248864e-05,-7.31588667517912e-05,3.6776197170575766e-06,-3.872905496804546e-05,-7.040175609349838e-06,-9.926691267971629e-09,-2.2322007188292697e-06,1.7191859810137855e-06,4.209956139627489e-06,0.00018650750596798456,0.0004209370214644313,9.331377526476709e-05
2023-11-01,0.0001738796489870215,1.0438673962744485e-05,3.240126041384852e-05,0.005588468784183377,4.7075320461034873e-07,3.164958882600194e-05,-1.584653652875342e-05,-5.1512056859571444e-05,2.984410673231167e-05,-5.569805491620493e-06,3.813327580115144e-05,3.631946475508427e-05,-2.7828389394716184e-05,6.711488757813821e-08,-2.2250896745933276e-06,-6.128798292384727e-05,4.798860158497627e-05,-6.8043059654369984e-06,2.1902005829732067e-05,0.00039867757689891986,-7.219141626614685e-07,2.1989170193940493e-05,4.127243405642322e-05,-1.3833220464934363e-05,0.0005543499835250819,2.733262189594643e-06,6.836452891789377e-05,7.372358631798978e-05,4.2720592265879555e-07,3.282344491438842e-07,-6.2497162987963966e-06,0.0009398536760868194,2.9576761626158425e-05,-7.031210354886348e-05,-1.9097259385831343e-06,1.057231073110105e-05,-2.714594691930455e-07,0.00028075382383359814,9.13171454955989e-05,5.277387458871735e-05,4.246587039321328e-06,3.385851293215643e-05,0.00011400404939154775,8.413518690393354e-06,7.749301010010606e-06,-5.228066464662e-07,1.1987949897279011e-05,-7.269259678471252e-07,0.0013210828278427823,0.00017406830339382107,3.012211610035201e-06,1.2742465466479178e-06,9.660421476430472e-06,0.00029829930207527053,5.359085999090799e-05,2.0508105766485767e-05,0.00017840479323796707,0.0006421421002089295,3.97747679815813e-05,-2.124782793965216e-06,3.0505300669121e-05,-1.0157994371637009e-05,0.00013821741607989652,0.00013193384487396572,-4.4264916961145526e-07,-3.1940666642976117e-07,-1.8301190863686763e-05,0.00030598907250455943,-3.930482307767262e-06,0.0005823587814352157,8.575525705166953e-06,0.00019912362157230014,-1.0809295098383576e-05,1.534684226226033e-05,-3.4590543685187514e-05,6.904645457523823e-05,0.0002981262365492084,2.8997740525330513e-05,0.0008704876475064617,-6.569266967503933e-05,-1.7879024832401123e-06,1.0684796668591903e-05,-9.225841342914287e-05,3.5395099550771727e-06,-4.1621792121442576e-05,-8.52067649111656e-06,-9.273973312413218e-07,-2.457837812148175e-06,1.645397579790523e-06,3.968424088678107e-06,0.00018994315573239219,0.00042692597551513854,9.250903570309608e-05
2023-12-01,0.00015780845101396153,1.023041770745592e-05,3.358802345427229e-05,0.005702758869078074,4.963319234001707e-07,3.343420817230316e-05,-1.814643442990875e-05,-6.0756175098789715e-05,3.124722114621184e-05,-7.728158915287164e-06,4.0088636197827926e-05,3.622748771238781e-05,-2.9729167609501676e-05,7.356096250961383e-08,-2.521168307292482e-06,-6.85896060894037e-05,4.939672690430732e-05,-1.0283031211447207e-05,2.311347574756719e-05,0.0004113535602328259,-1.3740814467760846e-06,1.9460790156956304e-05,4.145967142265727e-05,-1.4962646900526566e-05,0.0005801925210975093,2.7013507900782545e-06,7.172288759785131e-05,7.64802178915588e-05,2.177334608541297e-07,3.1181028371304346e-07,-6.7845461250166446e-06,0.0009606382964390276,2.5394060191027477e-05,-7.682202382787368e-05,-2.0898727897226415e-06,1.1494987954159893e-05,-3.291311847184818e-07,0.00029481341581834937,9.559814086168168e-05,5.5654599237301096e-05,2.7782870084058986e-06,3.5910914204791994e-05,0.00011812816278438434,9.138419714010522e-06,8.454487482854738e-06,-5.422106246540249e-07,1.2067411255973312e-05,-7.711372700154506e-07,0.0013721849493133697,0.00017863742793364093,3.1216919793584854e-06,1.288587386475482e-06,1.0433152023802531e-05,0.00030868000530082215,5.441710403478964e-05,2.0927036952282347e-05,0.00018738771004132366,0.0006522389251038699,4.15804617311071e-05,-2.0916297391526082e-06,3.209170946037962e-05,-1.1914196060176486e-05,0.0001403329910579591,8.320745536930698e-05,-5.033729600570122e-07,-3.51570595825161e-07,-1.9396225598210382e-05,0.00031834423972632443,-4.255434134605311e-06,0.0005891113192294362,8.619485845879763e-06,0.00019332654183149722,-1.2451999849460516e-05,1.5940140495441425e-05,-3.6873576999717914e-05,7.225220179711301e-05,0.0003081026575414273,3.054401547226796e-05,0.000885814744001083,-6.979729143654541e-05,-2.1502853882945594e-06,8.120084126451689e-06,-0.00011159316241569309,3.419090039023053e-06,-4.457727418647718e-05,-1.008310324789747e-05,-1.880573420869824e-06,-2.694338164472187e-06,1.6165838329787564e-06,3.7050240240222693e-06,0.0001935456881323543,0.00043300552106498254,9.18218386792925e-05
2024-01-01,0.00014109590335669974,1.0010378438659435e-05,3.479672669537647e-05,0.005817680140991457,5.221932086635491e-07,3.5269738122004474e-05,-2.1560672903850486e-05,-7.022134795561653e-05,3.2671847749597964e-05,-9.890524582864617e-06,4.240687218392161e-05,3.617114453177642e-05,-3.165884595653317e-05,8.027993347185233e-08,-2.8290597137741682e-06,-7.609495531269048e-05,5.0888774991256985e-05,-1.3853395446290403e-05,2.434725752806375e-05,0.0004283174555747843,-2.0677475918398256e-06,1.688923258137577e-05,4.162134725546973e-05,-1.6122542953703505e-05,0.000606543752082112,2.692810553742583e-06,7.513159712212846e-05,7.92550665747877e-05,5.833565142847562e-09,2.9539294150832467e-07,-7.326161265003133e-06,0.000981657924502309,2.1110277306218264e-05,-8.34823985279205e-05,-2.2734496071064036e-06,1.246185714539331e-05,-3.8809590743275836e-07,0.0003091743196934457,9.994463598287669e-05,5.8578762239381484e-05,1.3611169687901658e-06,3.80205890522071e-05,0.00012236322075703183,9.901013826600394e-06,9.196020663517431e-06,-5.611520678305339e-07,1.2144890643413883e-05,-8.162271992174311e-07,0.0014247444472231334,0.00018327171294238486,3.2336138375339627e-06,1.3042810518507412e-06,1.124797859643815e-05,0.00031802354545363063,5.522874003585198e-05,2.1363279274674152e-05,0.00019659862226945995,0.0006624321922827457,4.341483519693646e-05,-2.038916506067481e-06,3.37201436889731e-05,-1.3738648430895202e-05,0.00014341763730601337,4.560023809688705e-05,-5.650628688145934e-07,-3.85259259510861e-07,-2.051010042098878e-05,0.0003309750478834157,-4.5858799981950785e-06,0.0005959256225140198,8.65431188726814e-06,0.000187446752721935,-1.414171027918244e-05,1.6550530990973663e-05,-3.9196549386621843e-05,7.54921058237819e-05,0.0003182017045986786,3.211682998742422e-05,0.0009011779377780138,-7.396835639260193e-05,-2.5312919011938405e-06,5.439994453426283e-06,-0.00013116311371521954,3.316362163551876e-06,-4.759550116314921e-05,-1.1727455879692569e-05,-2.86945496015348e-06,-2.9417017758013066e-06,1.6426410969682143e-06,3.4197559456591505e-06,0.0001971423083929477,0.0004390798560003628,9.125218416668974e-05
2024-02-01,0.00012374200601523582,9.77855605470498e-06,3.602737013721882e-05,0.005933232599923529,5.483370604004798e-07,3.7156178675105894e-05,-2.4865126277126542e-05,-7.990757531853445e-05,3.411790819444903e-05,-1.205690198002504e-05,4.449252537440221e-05,3.615043521323038e-05,-3.361742425216016e-05,8.727180046482084e-08,-3.1487638940384137e-06,-8.380403059370777e-05,5.246474586073955e-05,-1.751539866996659e-05,2.5603351171222064e-05,0.00044177225829489827,-2.802912597852711e-06,1.4287735464824906e-05,4.1757461554860575e-05,-1.73129086242394e-05,0.0006334036764782803,2.707641480587601e-06,7.859065741785695e-05,8.20481323707541e-05,-2.0852365565419715e-07,2.789824383617231e-07,-7.87456170212827e-06,0.001002912560276656,1.6725412971731017e-05,-9.029322764900395e-05,-2.46045639073442e-06,1.347291830644517e-05,-4.483536373357179e-07,0.0003238365350815327,0.00010435663085882867,6.154636361112473e-05,-4.923079410972041e-09,4.018753747570893e-05,0.00012670922330948995,1.0701301028120352e-05,9.973900555787713e-06,-5.796309730802065e-07,1.2220388059600724e-05,-8.621957554539663e-07,0.0014787311165732192,0.00018797115887666003,3.347977184561632e-06,1.3213275427736955e-06,1.2104901180110322e-05,0.0003266549611298638,5.602576799409548e-05,2.1816832786306182e-05,0.0002060375297338906,0.0006727219017455489,4.52778883780878e-05,-1.9666430941239114e-06,3.539060339054659e-05,-1.563135148379316e-05,0.0001484286849731638,4.95557708599492e-05,-6.277188991639883e-07,-4.204726574868619e-07,-2.164281533240589e-05,0.0003438814985840433,-4.921819898536564e-06,0.0006027664805985136,8.68000383525299e-06,0.00018148452176262316,-1.5878426387645385e-05,1.717801373306194e-05,-4.155946638026956e-05,7.87661666519289e-05,0.00032842337772096214,3.3716187187979025e-05,0.0009165772288372571,-7.820586442320148e-05,-2.9309220219381617e-06,2.6445276307359474e-06,-0.00015096826732806585,3.2313289081482538e-06,-5.067647305145864e-05,-1.3453734386501851e-05,-3.894041949092288e-06,-3.1999286461355337e-06,1.7026030111557245e-06,3.112619853588293e-06,0.00020068022055425296,0.00044510288374602,9.080007216010482e-05
2024-03-01,0.00010574675898957018,9.534950494247202e-06,3.727995377978243e-05,0.006049416245874293,5.747634786109632e-07,3.909352983160742e-05,-2.6532531765810896e-05,-8.981485725612879e-05,3.558544008183916e-05,-1.4227290960290181e-05,4.6133539735244976e-05,3.616535975674259e-05,-3.5604902454660846e-05,9.453656348852289e-08,-3.4802808480852466e-06,-9.17168319324556e-05,5.412463950716766e-05,-2.126904088247576e-05,2.6881756677042224e-05,0.0004610097090167319,-3.5795764648147446e-06,1.1670301857298592e-05,4.186801432082983e-05,-1.8533743912061347e-05,0.0006607722942858882,2.7458435706133106e-06,8.210006838650287e-05,8.485941528013681e-05,-4.2539714447943674e-07,2.625786571728708e-07,-8.429747441676101e-06,0.0010244022037620675,1.2239467187565804e-05,-9.7254511191124e-05,-2.650893140606691e-06,1.4528171436777911e-05,-5.099043744273104e-07,0.0003388000638050804,0.0001088341254890872,6.455740336128823e-05,-1.319833136408853e-06,4.241175947590897e-05,0.00013116617044175877,1.1539281318557539e-05,1.0788127161520948e-05,-5.976473388423376e-07,1.2293903504533838e-05,-9.090429387256092e-07,0.0015339514393049385,0.00019273576561683293,3.4647820204414937e-06,1.3397268592443448e-06,1.3003919749709217e-05,0.00033519279017996725,5.6808187909520276e-05,2.2287697509310874e-05,0.00021570443240145266,0.0006831080534922773,4.7169621273873244e-05,-1.8748095030909136e-06,3.710308862849502e-05,-1.7592305218870357e-05,0.00015561621446940797,0.00011748023697048349,-6.91341056856933e-07,-4.572107897531636e-07,-2.27943703322508e-05,0.0003570635957530795,-5.263253835629768e-06,0.0006095933906125417,8.696561691362455e-06,0.000175439004042045,-1.766214817279816e-05,1.78225887170538e-05,-4.39623241773395e-05,8.207438428040592e-05,0.00033876767690827793,3.534209031104138e-05,0.0009320126171788438,-8.250981552917854e-05,-3.3491757505275753e-06,-2.6631635391549674e-07,-0.00017100862325386784,3.163990486796423e-06,-5.3820189851405494e-05,-1.5261938768325315e-05,-4.954334387686249e-06,-3.469018775474868e-06,1.755045605916302e-06,2.7836157478096605e-06,0.00020422886946025988,0.00045109085677431184,9.046550266314412e-05
2024-04-01,8.711016227970291e-05,9.279561770792203e-06,3.855447762305668e-05,0.006166231078843749,6.014724632949998e-07,4.108179159150906e-05,-2.614572585880619e-05,-9.994319380601373e-05,3.7074501297551265e-05,-1.640169160405613e-05,4.7958683941242404e-05,3.621591816231049e-05,-3.7621280603631996e-05,1.0207422254296272e-07,-3.823610575914672e-06,-9.983335932893394e-05,5.586845592575294e-05,-2.511432208381792e-05,2.818247404552424e-05,0.00048235594389352103,-4.397739192725926e-06,9.01599895342649e-06,4.195300555337748e-05,-1.9785048817189485e-05,0.0006886496055050203,2.8074168238197146e-06,8.565982999669044e-05,8.76889153027065e-05,-6.447401403171599e-07,2.4618157342580716e-07,-8.991718485073665e-06,0.0010461268549585446,7.652439953722637e-06,-0.0001043662491542807,-2.8447598567232166e-06,1.562761653581582e-05,-5.727481187075198e-07,0.00035406490670063733,0.0001133771198736282,6.761188149072368e-05,-2.583613202278233e-06,4.4693255053086846e-05,0.00013573406215383824,1.2414954697911255e-05,1.1638700481625095e-05,-6.152011656505346e-07,1.2365436978213223e-05,-9.567687490325548e-07,0.00159004404402519,0.00019756553293931277,3.5840283451735483e-06,1.3594790012626895e-06,1.394503430064756e-05,0.0003442690768395252,5.7575999782126374e-05,2.2775873434643633e-05,0.00022559933032460918,0.0006935906475229301,4.9090033884207946e-05,-1.7634157330333455e-06,3.885759941669996e-05,-1.962150963612679e-05,0.00016377951217109646,0.0002157849918096283,-7.559293394055639e-07,-4.95473656309766e-07,-2.3964765420399757e-05,0.00037052134113912407,-5.61018180947469e-06,0.0006163871112094814,8.703985454744336e-06,0.000169310228403123,-1.949287563387763e-05,1.8484255943870184e-05,-4.6405118879466764e-05,8.541675870940426e-05,0.0003492346021606259,3.699453938872393e-05,0.0009474841028027836,-8.688020974375991e-05,-3.786053086962075e-06,-3.29253749910954e-06,-0.00019128418149237973,3.114346141305145e-06,-5.702665156298975e-05,-1.7152069025162963e-05,-6.050332275935361e-06,-3.74897216381931e-06,1.7650477426329308e-06,2.4327436283232844e-06,0.00020780312359224934,0.0004570971372116963,9.02484756777293e-05
2024-05-01,6.7832215885634e-05,9.012389906039544e-06,3.9850941667041706e-05,0.006283677098831894,6.284640144525895e-07,4.31209639548108e-05,-2.4809316894236644e-05,-0.00011029258495927425,3.8585103854105536e-05,-1.8580103977348746e-05,5.030067074129285e-05,3.6302110429933155e-05,-3.9666558723215124e-05,1.0988477762814142e-07,-4.178753077526689e-06,-0.00010815361278314281,5.769619511622965e-05,-2.905124227399306e-05,2.9505503276668105e-05,0.0004968927196911348,-5.257400781586253e-06,6.334371773370658e-06,4.2012435252503524e-05,-2.1066823339640828e-05,0.0007170356101356908,2.892361240206813e-06,8.926994226203885e-05,9.053663243823742e-05,-8.665536136485092e-07,2.2979122425858485e-07,-9.560474830434778e-06,0.001068086513866087,2.964331270201531e-06,-0.000111628441538474,-3.042056539083997e-06,1.677125360341823e-05,-6.368848701763411e-07,0.00036963106353157083,0.00011798561401252762,7.070979799773833e-05,-3.79626327700829e-06,4.7032024207367156e-05,0.00014041289844572837,1.3328321166182982e-05,1.2525620516544429e-05,-6.322924539476106e-07,1.2434988480638879e-05,-1.0053731863748433e-06,0.0016471151640356796,0.00020246046075600806,3.705716158757796e-06,1.3805839688287292e-06,1.4928244837636896e-05,0.0003544156232656209,5.832920361191379e-05,2.3281360555052892e-05,0.00023572222351173002,0.000704169683837507,5.103912620918802e-05,-1.632461783996507e-06,4.0654135743478206e-05,-2.171896473556247e-05,0.00017006948014331485,0.0002845844929755362,-8.214837461931419e-07,-5.352612571566691e-07,-2.5154000596860916e-05,0.0003842547345396641,-5.96260382007133e-06,0.0006231541712868089,8.702275124882583e-06,0.00016309858791367234,-2.1370608771032405e-05,1.916301541508218e-05,-4.888785048102345e-05,8.879328993923433e-05,0.00035982415347800614,3.8673533006132626e-05,0.000962991685709076,-9.131704708118649e-05,-4.241554031241654e-06,-6.434135801866415e-06,-0.00021179494204352236,3.0823955307370135e-06,-6.0295858186211416e-05,-1.9124125157014793e-05,-7.182035613839626e-06,-4.0397888111688594e-06,1.7299389679634711e-06,2.060003495129175e-06,0.00021144662864790842,0.00046317056451765067,9.014899120369556e-05
2024-06-01,4.7912919807363466e-05,8.733434901792397e-06,4.116934591173885e-05,0.006401754305838731,6.557381320837322e-07,4.521104692151265e-05,-2.4186085793266912e-05,-0.00012086303070575678,4.011722583822231e-05,-2.0762528082834123e-05,5.28606661468585e-05,3.642393655961026e-05,-4.174073680954721e-05,1.1796822874405893e-07,-4.545708352921296e-06,-0.00011667759229508222,5.960785707951871e-05,-3.307980145300119e-05,3.085084437047383e-05,0.0005137723726321976,-6.1585612313957265e-06,3.629069868300302e-06,4.204630341820797e-05,-2.237906747941609e-05,0.0007459303081778853,3.0006768197746055e-06,9.293040519991021e-05,9.340256668666574e-05,-1.090857447091955e-06,2.1340762435172182e-07,-1.01360164781399e-05,0.001090281180484695,-1.824858862997528e-06,-0.00011904108834370395,-3.2427831876890323e-06,1.7959082639642788e-05,-7.023146288337725e-07,0.0003854985339443321,0.00012265960790580407,7.385115288117119e-05,-4.9577833605850245e-06,4.942806693880378e-05,0.00014520267931742922,1.4279380723373609e-05,1.3448887266496393e-05,-6.489212036532588e-07,1.2502558011810807e-05,-1.0548562507524731e-06,0.0017053797639495596,0.0002074205490920199,3.8298454611942355e-06,1.403041761942464e-06,1.5953551363326985e-05,0.0003657866170023712,5.906779939888252e-05,2.3804158871442468e-05,0.0002460731119483022,0.0007148451624360078,5.301689824886703e-05,-1.481947655975716e-06,4.2492697600855146e-05,-2.388467051717739e-05,0.00017418013393885365,0.0002767594897279857,-8.88004277994845e-07,-5.765735922938729e-07,-2.636207586165922e-05,0.0003982637753041366,-6.320519867419689e-06,0.0006299142848052094,8.691430701829511e-06,0.0001568040019521261,-2.3295347584474535e-05,1.985886713137346e-05,-5.141052062081857e-05,9.220397796998636e-05,0.0003705363308604186,4.037907053368471e-05,0.0009785353658977197,-9.582032753855959e-05,-4.715678583366313e-06,-9.691111261762593e-06,-0.0002325409049072889,3.068138778318721e-06,-6.362780972107049e-05,-2.1178107163880806e-05,-8.349444401399043e-06,-4.341468717523516e-06,1.6756687401975438e-06,1.6653953482273316e-06,0.00021511797984463834,0.0004693238987612369,9.016704924064064e-05
2024-07-01,2.7352274044891236e-05,8.442696752132935e-06,4.250969035714838e-05,0.006520462699864259,6.832948161884281e-07,4.735204049161461e-05,-2.5462129232398625e-05,-0.00013165453104568213,4.167084991194675e-05,-2.2948963904491805e-05,5.5180065659924e-05,3.65813965513417e-05,-4.384381485453825e-05,1.2632457589071519e-07,-4.924476402098493e-06,-0.00012540529786475216,6.160344181595128e-05,-3.7199999620842306e-05,3.221849732694139e-05,0.0005303693769104624,-7.101220542154347e-06,8.890750283471939e-07,4.205461005049081e-05,-2.3721781236512563e-05,0.0007753336996316018,3.1323635625230924e-06,9.664121881561656e-05,9.628671804800184e-05,-1.317639849906702e-06,1.9703076304498388e-07,-1.0718343428484738e-05,0.0011127108548143684,-6.71513044587454e-06,-0.0001266041895699705,-3.4469398025383226e-06,1.9191103644543854e-05,-7.690373946798136e-07,0.00040166731787297894,0.0001273991015534473,7.703594614078492e-05,-6.0681734530062e-06,5.1881383247419274e-05,0.00015010340476894073,1.5268133369483396e-05,1.440850073158743e-05,-6.650874146504417e-07,1.2568145571729007e-05,-1.1052179421654385e-06,0.0017649411144995408,0.00021244579799164744,3.956416252482867e-06,1.4268523806038942e-06,1.702095387741049e-05,0.0003779447440127241,5.9791787143032555e-05,2.434426838580014e-05,0.00025665199563230955,0.0007256170833184322,5.502335000324788e-05,-1.3118733489631059e-06,4.43732849889913e-05,-2.6118626980971552e-05,0.0001773326116877207,0.00019657596457042223,-9.55490934718947e-07,-6.194106617213775e-07,-2.7588991214799378e-05,0.0004125484631231044,-6.683929951519765e-06,0.0006366841604543151,8.671452185703453e-06,0.00015042630834223092,-2.5267092074250128e-05,2.057181109277773e-05,-5.3973129973424926e-05,9.564882280163533e-05,0.00038137113430786315,4.2111152322092674e-05,0.0009941151433687145,-0.00010039005111071608,-5.20842674333605e-06,-1.30634638792788e-05,-0.0002535220700836873,3.071576038552185e-06,-6.702250616756698e-05,-2.3314015045761e-05,-9.552558638613612e-06,-4.65401188288328e-06,1.6363646008826888e-06,1.248919187617754e-06,0.0002187570888989931,0.0004755340977020097,9.030264978848886e-05
2024-08-01,6.150278598217372e-06,8.140175454959658e-06,4.3871975003270165e-05,0.006639802280908477,7.111340667666771e-07,4.954394466511667e-05,-2.836757209109248e-05,-0.00014266708598140168,4.32459776676912e-05,-2.513941143597852e-05,5.7102664782371034e-05,3.6774490405127406e-05,-4.597579285679519e-05,1.3495381906811014e-07,-5.3150572250582796e-06,-0.00013433672949215265,6.368294932543404e-05,-4.141183677751641e-05,3.360846214607081e-05,0.0005450360683107394,-8.085378713862114e-06,-1.8767464629545116e-06,4.203735514935205e-05,-2.509496461092944e-05,0.0008052457844968421,3.2874214684522737e-06,0.00010040238310663481,9.918908652226173e-05,-1.5468988726642929e-06,1.8066063341783452e-07,-1.1307455681261796e-05,0.0011353755368551073,-1.1706483478429505e-05,-0.0001343177452172737,-3.654526383631868e-06,2.0467316618133288e-05,-8.370531677144642e-07,0.0004181374154014344,0.00013220409495545197,8.02641777767289e-05,-7.127433554273288e-06,5.439197313322277e-05,0.00015511507480026293,1.629457910451235e-05,1.540446091186965e-05,-6.807910869458718e-07,1.2631751160393477e-05,-1.1564582606137364e-06,0.0018258465758135634,0.00021753620747186976,4.085428532623692e-06,1.4520158248130193e-06,1.8130452379135092e-05,0.000390134264418218,6.05011668443639e-05,2.490168909827296e-05,0.00026745887456778867,0.0007364854464847808,5.705848147232164e-05,-1.1222388629584326e-06,4.6295897910057806e-05,-2.8420834126944954e-05,0.0001816013266775412,8.52740737064665e-05,-1.023943716207641e-06,-6.637724654391827e-07,-2.8834746656277952e-05,0.0004271087980189436,-7.05283407237156e-06,0.0006434686645881876,8.64233957652178e-06,0.00014396557182321792,-2.7285842240331996e-05,2.1301847299160014e-05,-5.65756781258457e-05,9.912782443415266e-05,0.0003923285638203401,4.386977880180644e-05,0.00100973101812206,-0.00010502621779620108,-5.719798511150865e-06,-1.6551193654593458e-05,-0.0002747384375727226,3.0927073269163386e-06,-7.047994752570087e-05,-2.553184880265538e-05,-1.0791378325483333e-05,-4.9774183072481514e-06,1.6345760172837773e-06,8.10575013300442e-07,0.00022239710610375343,0.00048176648205678035,9.055579284729528e-05
2024-09-01,-1.569306653265818e-05,7.825871011463908e-06,4.5256199850104146e-05,0.006759773048971388,7.392558838184792e-07,5.1786759442018836e-05,-3.131704521763844e-05,-0.00015390069551328412,4.484261838905075e-05,-2.7333870679169547e-05,5.914602892171411e-05,3.700321812096737e-05,-4.8136670818199614e-05,1.4385595827624378e-07,-5.717450821800657e-06,-0.00014347188717728362,6.58463796078699e-05,-4.571531292302351e-05,3.5020738827862077e-05,0.0005669416189975447,-9.11103574651903e-06,-4.669257134069942e-06,4.199453871479169e-05,-2.6498617602666978e-05,0.0008356665627736064,3.4658505375621493e-06,0.00010421389806990234,0.00010210967210945101,-1.778640783112843e-06,1.6429723807536867e-07,-1.1903353236474743e-05,0.001158275226606912,-1.6798917960662437e-05,-0.0001421817552856135,-3.865542930969667e-06,2.178772156040502e-05,-9.063619479377243e-07,0.00043490882658332573,0.00013707458811181895,8.353584778914331e-05,-8.135563664387012e-06,5.69598365962178e-05,0.0001602376894113958,1.7358717928460444e-05,1.6436767807368564e-05,-6.960322205688989e-07,1.2693374777804218e-05,-1.2085772060973659e-06,0.0018878863481545096,0.00022269177752744094,4.21688230161671e-06,1.4785320945698396e-06,1.9282046868334032e-05,0.0004018453606049248,6.119593850287655e-05,2.5476421008390298e-05,0.0002784937487552156,0.0007474502519350531,5.912229265608427e-05,-9.130441979629286e-07,4.826053636481086e-05,-3.07912919550976e-05,0.00018879772398927144,-9.088658737921231e-06,-1.0933626225311847e-06,-7.096590034472887e-07,-3.0099342186093213e-05,0.0004419447800990945,-7.427232229975073e-06,0.0006502620957655825,8.604092874264332e-06,0.00013742185027264722,-2.9351598082700753e-05,2.204897575043615e-05,-5.921816462555543e-05,0.00010264098286753156,0.00040340861939784916,4.565495000524211e-05,0.001025382990157757,-0.00010972882759579508,-6.2497938868107595e-06,-2.0154300587650342e-05,-0.00029619000737439655,3.1315325989521433e-06,-7.400013379547217e-05,-2.7831608434563936e-05,-1.206590346200821e-05,-5.31168799061813e-06,1.6674628097646535e-06,3.503628252753952e-07,0.00022607330172320412,0.00048800000328166123,9.092647841708861e-05
