,July 2022 actual,July 2024 predicted,Percent change,Monthly average obs
Skill subcat: Pharmacy,0.0288770806613646,0.6896808373463988,2288.33296701332,7839.020833333333
Skill subcat: Manufacturing Design,0.0023628894475871,0.0248515158640781,951.7426403277392,532.8125
Skill subcat: Biotechnology,0.0046014768273771,0.0475916279198414,934.2685556230267,840.1875
Skill subcat: Micro Manufacturing,0.0001785956905495,0.0016799348785102,840.6357305382938,36.979166666666664
"Skill subcat: Ear, Nose, and Throat",0.0025479836356202,0.0217786345646126,754.739970074867,310.75
Skill subcat: Simulation and Simulation Software,0.0022819984404059,0.0175662529430249,669.7749758277829,575.7083333333334
Skill subcat: Cloud Computing,0.0206136093606804,0.1185979712996293,475.3382109095848,5121.916666666667
Skill subcat: Compensation and Benefits,0.015822634359298,0.0747028633546222,372.12658561324764,2562.375
Skill subcat: Nephrology,0.0042432997925052,0.0183173911899105,331.67798849055873,824.0416666666666
Skill subcat: Cryptocurrency,0.0004917613317746,0.0020358115528006,313.98365858780426,77.35416666666667
Skill subcat: Hotels and Accommodations,0.0036250059154233,0.0148868292508067,310.6704815974992,577.8333333333334
Skill subcat: Agricultural Management and Operations,0.0003212786790495,0.001316582021527,309.79439576323455,60.791666666666664
Skill subcat: Ecology,0.0009868733254807,0.004035752226399,308.9432880793703,195.45833333333334
Skill subcat: Government Assistance,0.0071912918266717,0.0235107883590792,226.93414376371584,661.0208333333334
Skill subcat: Air Quality and Emissions,0.0008456904969357,0.0024532271661684,190.085696251465,158.20833333333334
Skill subcat: Marine and Naval Engineering,8.213721240631504e-06,2.163698355902264e-05,163.42485854023334,4.541666666666667
Skill subcat: Public Relations,0.0185359924295142,0.0455314536818202,145.6380679640443,5791.833333333333
Skill subcat: Green Architecture,0.0004516509673279,0.0010855841658179,140.35909238510777,95.60416666666667
Skill subcat: Community and Social Work,0.0186986086928775,0.0445964656340295,138.50151830289258,5280.6875
Skill subcat: Education Software and Technology,0.005909947062634,0.013521358959099,128.7898489749361,1543.2291666666667
Skill subcat: Hardware Description Languages (HDL),0.000378794737309,0.0007845909079376,107.12824932875817,90.27083333333333
Skill subcat: Robotics,0.001235723256052,0.002507245141286,102.89697786350422,364.6875
Skill subcat: Speech Language Pathology,0.0044350283052339,0.0089676435573441,102.20036807343789,1767.7708333333333
Skill subcat: Ground Freight Transportation,0.0102270237612421,0.0201146319565472,96.68118923099306,5430.9375
Skill subcat: Emergency Services,0.0111933266432229,0.0218193195624297,94.93150032962187,2561.8541666666665
Skill subcat: Military Technology and Weapons,0.0003398032630855,0.0006516008925913,91.7582799748885,185.54166666666666
Skill subcat: Risk Management,0.0347046932722847,0.0628491708573421,81.09703596641114,9720.354166666666
Skill subcat: iOS Development,0.0050430079479234,0.0091211995748794,80.86823715269593,1514.4375
Skill subcat: Application Programming Interface (API),0.0235500419123319,0.0415304980622957,76.34999639023314,6129.333333333333
Skill subcat: Water Energy,1.7644506365746302e-05,3.0790828918715347e-05,74.50660438135188,10.145833333333334
Skill subcat: Alternative Therapy,0.0038675658483498,0.0067476254969046,74.4669841829236,1137.8958333333333
Skill subcat: Automotive Technologies,0.0042430413814967,0.0071826963109355,69.28178787645619,1141.8333333333333
"Skill subcat: Engineering, Other",0.0067039231150788,0.0109117875731212,62.767194459284006,1818.8958333333333
Skill subcat: Data Storage,0.008786812435311,0.0142813426072065,62.53155182663262,2551.7708333333335
Skill subcat: Mortgage Lending,0.0061235446653846,0.0096942106869586,58.310442998128075,2455.8541666666665
Skill subcat: Procurement,0.0460213040681466,0.0725737792893821,57.69605133726243,13185.041666666666
Skill subcat: Software Development Tools,0.0276421329194761,0.0432392216134501,56.425054967392185,7507.375
Skill subcat: Financial Accounting,0.0137209252747465,0.0212707314228437,55.02403079180594,4494.416666666667
Skill subcat: Version Control,0.0167037139767823,0.0255760118454753,53.115719540128914,4451.145833333333
Skill subcat: Literature and Literary Studies,0.0008599627860978,0.0012866249646857,49.61402812834944,225.85416666666666
Skill subcat: Facility Management and Maintenance,0.0125837139117879,0.0186415606905806,48.14037271713529,3613.625
"Skill subcat: Elements, Compounds, and Materials",0.004041264912705,0.0058504709578152,44.76831101624608,1047.4791666666667
Skill subcat: Roofing,0.0034513801786931,0.0049813952950257,44.330529733526944,1233.0625
Skill subcat: Environment and Resource Management,0.0078188062962544,0.0112631890243423,44.05253944886615,1801.2708333333333
Skill subcat: Patient Education and Support,0.0261929400695041,0.0374743489446331,43.07041838447037,7263.958333333333
Skill subcat: Recruitment,0.0164861943366738,0.0235518381124913,42.857943025091394,4450.270833333333
Skill subcat: Biology,0.0088732248696875,0.0123057567335432,38.68415276594458,2474.4166666666665
Skill subcat: Medical Imaging,0.0121755997685043,0.0166803494741098,36.998174966775224,2909.8541666666665
Skill subcat: Streaming Media Systems,0.000886809037898,0.0012016951476389,35.50776957430129,203.16666666666666
Skill subcat: Employee Relations,0.014318658271365,0.0191221914903503,33.547369648394984,3400.6041666666665
Skill subcat: Inventory and Warehousing,0.1051794968808717,0.1388309319319852,31.99429170994015,36140.666666666664
Skill subcat: Artificial Intelligence and Machine Learning (AI/ML),0.0176700717907416,0.0233101566945999,31.918856757636245,4487.9375
Skill subcat: Teaching,0.0810451375901768,0.1066758517828568,31.625233733684976,22422.375
Skill subcat: Cloud Solutions,0.0372452412180716,0.0483547746272081,29.828061373236835,9531.291666666666
Skill subcat: Process Improvement and Optimization,0.1113226506576871,0.1413750627919295,26.995774855067385,30835.625
Skill subcat: Graphic and Visual Design,0.0094140366517862,0.0118810945896613,26.20616457242076,3013.7708333333335
Skill subcat: Construction Inspection,0.0068459364313444,0.0086398324787113,26.203808132857816,1857.25
Skill subcat: Legal Proceedings,0.0075068995486861,0.0094493745380548,25.875862288695245,2397.4166666666665
Skill subcat: Public Health and Disease Prevention,0.0107067499755979,0.0134456477015165,25.581037496541047,2620.6458333333335
"Skill subcat: Language Interpretation, Translation, and Studies",0.002775357443347,0.0034595734015761,24.653255380465712,1025.5833333333333
"Skill subcat: Welding, Brazing, and Soldering",0.0057801060902405,0.0072012323639701,24.586508474803257,1721.0208333333333
Skill subcat: Networking Software,0.0019821766160522,0.0024565485392172,23.931869608561037,667.4791666666666
Skill subcat: Injury Treatment,0.0030240675130273,0.0037321249405165,23.414074733417106,706.5416666666666
Skill subcat: Infectious Diseases,0.0146663457247495,0.017986934655322,22.640874508835537,3467.3125
Skill subcat: Log Management,0.0009451009151355,0.001156601626639,22.378637891084566,439.3333333333333
Skill subcat: Vehicle Repair and Maintenance,0.0216573367389673,0.0264535420516986,22.145868490383926,6115.458333333333
Skill subcat: Financial Modeling,0.0102522369114463,0.0124604009416351,21.53836327878313,3113.7291666666665
Skill subcat: Customer Service,0.3333437588060579,0.4042958888737053,21.284973302568407,97116.8125
Skill subcat: Food and Beverage,0.0948686013439389,0.114578550499399,20.776051165762603,25963.833333333332
Skill subcat: Anesthesiology,0.0058232792438097,0.0070327416395716,20.76943840616249,1743.2291666666667
Skill subcat: Student Support and Services,0.0088946524458304,0.0105596403473418,18.718976504718928,1662.4166666666667
Skill subcat: Servers,0.0075194519141003,0.0089206178969991,18.63388447595984,2839.5
Skill subcat: Mobility Assistance,0.001803940797646,0.0021385373201882,18.54808777421199,622.25
Skill subcat: Web Services,0.0268692555754936,0.0315791473398007,17.52892539606796,6944.208333333333
Skill subcat: Pediatrics,0.0112244259171527,0.0130637232916273,16.38656077424736,3596.6458333333335
Skill subcat: Clinical Informatics,0.0056974196591886,0.0066181410902939,16.160323202107687,1228.0208333333333
Skill subcat: Data Collection,0.0159094259942928,0.0184776866556388,16.143012716281003,4338.75
Skill subcat: Health Care Administration,0.0342880308970397,0.0394481620254507,15.049365604883741,10312.020833333334
"Skill subcat: Fire Prevention, Safety, and Control",0.0074610779044787,0.0085726989221161,14.898933262312164,2003.7291666666667
Skill subcat: Insurance and Warranty Claims Processing,0.0045369930040847,0.0051924151459738,14.446179249097726,1285.2291666666667
Skill subcat: Forestry,0.0005224459628921,0.0005973184742668,14.331149380546233,166.97916666666666
Skill subcat: Genetics,0.0028742439969918,0.003281685738349,14.175614240949292,697.1666666666666
Skill subcat: Oncology,0.0082036638115204,0.0092976432543921,13.3352544424776,2552.25
Skill subcat: Health Care Procedure and Regulation,0.0486718321538388,0.0547757669696914,12.54100070973222,13674.083333333334
Skill subcat: General Shipping and Receiving,0.0465415686286603,0.0523525198345459,12.485507852666595,15334.979166666666
Skill subcat: Human Resources Software,0.0133202421034848,0.0149367436565327,12.135676968101023,3556.375
Skill subcat: Radio Frequency (RF),0.0020278218314491,0.0022695047638114,11.918351435717158,705.6458333333334
Skill subcat: Dermatology,0.0013902791955066,0.0015495322535741,11.454753734516633,443.0416666666667
Skill subcat: Obstetrics and Gynecology (OBGYN),0.00496410038042,0.0055117941606784,11.033092368935147,1742.0208333333333
Skill subcat: Cardiology,0.0075209154387128,0.0083094822330798,10.48498418567465,2361.0833333333335
Skill subcat: Heavy Equipment Operation,0.0257249410319576,0.0283522674176657,10.213148331202094,8361.0625
Skill subcat: Manufacturing Processes,0.0195719080129383,0.0215376661117627,10.043773440611453,5536.541666666667
Skill subcat: Administrative Support and Clerical Tasks,0.1020550205478047,0.1120575108780668,9.801076200437118,31653.333333333332
Skill subcat: Carpentry,0.0076474454193267,0.0083821208447041,9.606808353554518,2439.5
Skill subcat: Underwriting,0.0079750491058752,0.0087330461926016,9.50460713988564,2695.625
Skill subcat: Material Handling,0.0385130107629235,0.0420359525919716,9.147406965231692,12385.0625
Skill subcat: Power Generation,0.0010242703674288,0.0011163337044613,8.98818709981861,249.9375
Skill subcat: Tax,0.0105068555013102,0.0114506039283246,8.982215724740042,3633.7083333333335
Skill subcat: Operating Systems,0.0222687508522222,0.0242434389620281,8.867529763614222,7518.083333333333
Skill subcat: Video and Web Conferencing,0.008013476892881,0.0087226054567278,8.849199583725929,1875.0208333333333
Skill subcat: Mental Health Diseases and Disorders,0.0077783636144943,0.0084018141794086,8.015189258477887,2428.125
Skill subcat: Language Competency,0.0510816583320671,0.0551003099798561,7.867112734799854,16847.375
Skill subcat: Pathology,0.0036284395809344,0.0038960333591598,7.374899657457955,1016.1666666666666
Skill subcat: Basic Technical Knowledge,0.0981805546648946,0.1053624364419695,7.314973725283766,33130.041666666664
Skill subcat: Web Content,0.0011827919331619,0.0012684404571582,7.241216446863981,290.1458333333333
Skill subcat: Content Management Systems,0.0043589313787056,0.004661426649484,6.939665814794897,1537.5625
Skill subcat: Circuitry,0.0025982967720412,0.0027746108721558,6.7857568085299675,886.9791666666666
Skill subcat: Communication,0.4804998495695234,0.5123096161001529,6.620140788624108,147280.85416666666
Skill subcat: Equipment Repair and Maintenance,0.0164418288418282,0.0174417779140476,6.08173872772303,4812.833333333333
Skill subcat: Billing and Invoicing,0.0558208069985184,0.0591962706884016,6.046963258651552,17241.791666666668
Skill subcat: Surgery,0.0150106437234724,0.0157971161465648,5.239431683150119,4601.770833333333
Skill subcat: Financial Regulation,0.0066022816728114,0.0069165691984667,4.760286537751863,2146.2708333333335
Skill subcat: Commercial Lending,0.0019497361194828,0.0020417340201787,4.7184795817551,550.8333333333334
Skill subcat: Computer-Aided Manufacturing,0.0026384654985394,0.0027607709646426,4.635477180615237,834.2708333333334
Skill subcat: IT Management,0.0290500221421267,0.0303665060531307,4.531782814357679,8124.208333333333
Skill subcat: Presentation Design,0.0018168259385211,0.0018980418608575,4.47020931474095,585.5625
Skill subcat: Advertising,0.00691390604265,0.0072210370960763,4.442221973103085,2221.0625
Skill subcat: Electronic Trading,0.0005758006290751,0.0006008146881941,4.344222263039159,225.72916666666666
Skill subcat: General Repairs and Maintenance,0.0155456737386034,0.0162185573169569,4.32842982342141,4204.5625
Skill subcat: Software Quality Assurance,0.0376335343807099,0.0391191227208307,3.9475121446001675,10424.395833333334
Skill subcat: Plant Operations and Management,0.0142966202477907,0.0147928068288395,3.4706565079636738,4544.104166666667
Skill subcat: Mechanical Engineering,0.0163471305751941,0.0168624951896263,3.152630439095157,4816.708333333333
Skill subcat: Plumbing,0.0116484629045095,0.0120116032759598,3.1174960544340617,3614.7083333333335
Skill subcat: Pulmonology,0.0051783556558077,0.0053388037687228,3.0984374882623715,1553.8958333333333
Skill subcat: Prospecting and Qualification,0.0094380975810576,0.0097122201484922,2.904426078246608,3475.4791666666665
Skill subcat: Eye Care,0.0043542618693113,0.0044778643786917,2.838655852362644,1223.5208333333333
Skill subcat: Merchandising,0.0586598160917643,0.0602954618713732,2.7883581787064915,19066.0
Skill subcat: Energy Efficiency,0.0006889751868742,0.0007072228695848,2.648525383531962,208.625
Skill subcat: Laboratory Research,0.0166138252300652,0.017048789911084,2.618088700196907,4673.125
Skill subcat: Chemical and Biomedical Engineering,0.0027698339895592,0.002841769626335,2.59711004511314,693.3541666666666
Skill subcat: Hand Tools,0.0117200681235696,0.0120100330870922,2.4740894034520795,3716.75
Skill subcat: Mainframe Technologies,0.0010641298877418,0.0010897441377035,2.4070604779324647,368.7291666666667
Skill subcat: Data Visualization,0.0080511824922975,0.0082429116798911,2.3813792294116545,1873.7708333333333
Skill subcat: Oral and Dental Care,0.0067920052789282,0.0069536810736204,2.38038381969151,1905.2291666666667
Skill subcat: Safety and Security,0.0182895491631315,0.0187228532902115,2.3691350902922355,5862.458333333333
Skill subcat: Physics,0.0040079499832878,0.0041010878895851,2.323829056890989,1205.25
Skill subcat: Digital Design,0.0030368767718004,0.003106253932943,2.28449049322044,966.3125
Skill subcat: Account Management,0.0166103570131202,0.0169577286807825,2.0912956138626093,6093.4375
"Skill subcat: Engineering, Scientific, and Technical Instruments",0.0077700349015904,0.0079253778002593,1.9992561247968728,2374.0416666666665
Skill subcat: Network Security,0.0118227613249639,0.0120448343844751,1.8783518791188791,3521.8333333333335
Skill subcat: Other Programming Languages,0.0202545739852447,0.0206061731721284,1.7359001830393364,6081.541666666667
Skill subcat: Scripting,0.0159082676366766,0.0161772049484403,1.6905505860591763,4985.145833333333
Skill subcat: HVAC,0.0136781735824454,0.0139054757619023,1.6617875046462438,4176.541666666667
Skill subcat: Emergency and Intensive Care,0.0484813569508564,0.0492860478394441,1.6597944843074073,14034.729166666666
Skill subcat: Road and Bridge Construction,0.0008313857675938,0.0008441814794245,1.5390823766124222,236.45833333333334
Skill subcat: Systems Administration,0.0142959916949776,0.0144954851788064,1.3954504737078404,4409.395833333333
Skill subcat: General Sales Practices,0.2172792227518085,0.2201683769614765,1.3296964951721149,73819.5
Skill subcat: Aquaculture,2.696768189196866e-05,2.7311400490513043e-05,1.274557449621758,9.583333333333334
Skill subcat: Retail Sales,0.0377119851414125,0.0381732406928298,1.223100692492525,13149.125
Skill subcat: Agriculture and Crop Farming,0.002579827415618,0.0026112297189658,1.2172249646505058,667.3125
Skill subcat: Medical Science and Research,0.0145565980095084,0.0147308641484432,1.1971625432052837,4260.0625
Skill subcat: Scheduling,0.0659191326295987,0.0666675488033817,1.1353550083681674,20642.729166666668
Skill subcat: Regulation and Legal Compliance,0.1272445781741998,0.1285748027524591,1.0454076687167153,39436.270833333336
Skill subcat: Mobile Development,0.00549399157627,0.0055513988820759,1.0449106994240336,1745.6041666666667
Skill subcat: Appliance Repair and Maintenance,0.002829297584093,0.0028572775763371,0.9889377632600618,798.6458333333334
Skill subcat: Genetic Disorders,0.0002168478347293,0.000218888582574,0.9410967129312412,70.08333333333333
Skill subcat: Financial Trading,0.0140093511699318,0.0141266590723057,0.8373542853695997,4062.625
Skill subcat: Economics,0.0186460195797245,0.0187836245732739,0.7379858900235675,5102.979166666667
Skill subcat: Graphic and Visual Design Software,0.0104118378565203,0.0104647594273642,0.5082827025658999,3439.125
Skill subcat: Accounting and Finance Software,0.011871633618425,0.01190638808998,0.29275222494282505,3937.8958333333335
"Skill subcat: Water Supply, Testing, and Treatment",0.0031374100999006,0.0031465887724569,0.2925557151929493,871.6875
Skill subcat: Production and Assembly,0.0090888320634395,0.0090880112886524,-0.009030585903342006,2819.3958333333335
Skill subcat: General Medicine,0.0603598421951441,0.0603520425789522,-0.012921863126617597,17577.9375
Skill subcat: Mathematics and Mathematical Modeling,0.0407749610622469,0.0407600105082902,-0.03666601651409595,13171.729166666666
Skill subcat: Waste Management,0.0021386673407088,0.0021345025293588,-0.19473862394230707,609.2916666666666
Skill subcat: Electronic Hardware,0.0032602216429557,0.003252776046399,-0.22837700537286743,1003.7291666666666
Skill subcat: Real Estate Development,0.000570262694037,0.0005682249724479,-0.35733033396848374,162.54166666666666
Skill subcat: Religious Studies and Services,0.0009113105903152,0.0009070378420732,-0.46885752096024025,292.5833333333333
Skill subcat: Cash Register Operation,0.0478492693880934,0.0476241516285016,-0.47047272083910524,13874.166666666666
Skill subcat: Manufacturing Standards,0.0138397324397765,0.0137695157121422,-0.507356106339825,4269.0
Skill subcat: Solar Energy,0.0003212866056884,0.0003195715476684,-0.5338093744447436,93.08333333333333
Skill subcat: Safety and Surveillance Technology,0.0059911420770955,0.0059556350046422,-0.5926594962427234,1892.5833333333333
Skill subcat: Home Health Care and Assisted Living,0.0400520543315529,0.0397462942647728,-0.763406701311749,11305.270833333334
Skill subcat: Construction Estimating,0.0021105547555342,0.0020844472529327,-1.2369971702009652,669.0833333333334
Skill subcat: Mergers and Acquisitions,0.0082767104976637,0.008174069712782,-1.240115682561006,2795.75
Skill subcat: Microsoft Development Tools,0.0077856105712317,0.0076865707135542,-1.2720885121516095,2579.8333333333335
Skill subcat: Groundskeeping and Yard Care,0.0093270593426897,0.009208318018442,-1.2730842582315776,2454.4583333333335
Skill subcat: Criminal Investigation and Forensics,0.0021518178781122,0.0021238751731719,-1.298562728032281,712.8541666666666
Skill subcat: Telecommunications Equipment and Installation,0.0010537436531678,0.0010390532851598,-1.3941121224158648,353.9791666666667
Skill subcat: Beauty and Body Treatments and Alterations,0.0047038731294945,0.0046376712897292,-1.407389994219812,1102.5625
Skill subcat: Financial Management,0.0293289000151168,0.0289017650994527,-1.4563618664319065,8916.75
Skill subcat: Law Enforcement and Criminal Justice,0.0043742030889542,0.0043071158459391,-1.5337020629999878,1384.4583333333333
Skill subcat: Electrical Construction,0.0020413122861314,0.0020052398823496,-1.7671183398480728,605.7708333333334
Skill subcat: Document Management,0.0208444079960301,0.0204661110664311,-1.8148605116108372,6017.541666666667
Skill subcat: Business Intelligence,0.0280046618751476,0.0274501370944597,-1.9801159648351503,8183.645833333333
Skill subcat: Solution Sales Engineering,0.0071362324374205,0.006981296011889,-2.171123585031437,2965.0625
Skill subcat: Business Communications,0.0190254140296924,0.018608560453122,-2.1910355060858406,5444.583333333333
Skill subcat: Animal Health and Veterinary Medicine,0.0020549857126283,0.0020096139397789,-2.207887508442588,580.6666666666666
Skill subcat: Geriatrics,0.0077853874145156,0.0076109477306337,-2.2406037695267806,2089.9375
Skill subcat: General Accounting,0.0828996091997243,0.0810336465540439,-2.2508702558354354,25643.6875
Skill subcat: Sales Analysis,0.0044245604693674,0.0043224290936533,-2.308282967792773,1638.5208333333333
Skill subcat: Mathematical Software,0.0023848019532706,0.002329552028137,-2.3167510852558686,694.0208333333334
Skill subcat: Metal Fabrication,0.0034834725775269,0.0034027152025356,-2.318300867711551,1082.3958333333333
Skill subcat: Industry Specific Marketing,0.0016300212982039,0.0015905414341025,-2.4220459048542753,549.5
Skill subcat: Social Skills,0.1162893443570519,0.1133410950024422,-2.5352704247411277,32885.4375
Skill subcat: Health Information Management and Medical Records,0.0395758600867259,0.0385060631589524,-2.7031552199476296,11312.958333333334
Skill subcat: Statistical Software,0.0052846001550924,0.0051404915524808,-2.7269537596469346,1917.75
Skill subcat: Nursing and Patient Care,0.078434789096397,0.0762891874021733,-2.7355229980751794,22367.5625
Skill subcat: Neuroscience,0.0005523968061381,0.0005371894870881,-2.752970126007238,146.08333333333334
Skill subcat: Digital Marketing,0.015875550769256,0.0154231182816177,-2.84986955233368,5116.1875
Skill subcat: Cannabis,0.0011947493878447,0.0011602178925391,-2.890271018920053,256.8125
Skill subcat: General Networking,0.0181302988755102,0.0176031810092543,-2.907386523935966,5584.479166666667
Skill subcat: Sports and Recreation,0.0031415214070687,0.0030472426596053,-3.0010537967770787,888.9375
Skill subcat: Financial Reporting,0.0258082490308446,0.0249921235891257,-3.1622658350185255,7834.770833333333
Skill subcat: Clinical Trials,0.0079975656094485,0.007730607857082,-3.3379876502808665,2444.0208333333335
Skill subcat: Audio Production and Technology,0.0016279861942555,0.0015733943764045,-3.353334201704684,502.3958333333333
Skill subcat: Property Management,0.0056420955586741,0.0054452676626573,-3.4885601275256453,1792.5208333333333
Skill subcat: Configuration Management,0.0081230511898959,0.0078382754746306,-3.505772752232903,2636.5
Skill subcat: General Construction and Construction Labor,0.0206842715435605,0.0199560427247082,-3.5206887383907612,6267.354166666667
Skill subcat: Oil and Gas,0.0043729867688227,0.0042175015890696,-3.5555831282553774,1367.0416666666667
Skill subcat: People Management,0.0785046292945843,0.0756859262859025,-3.590492731460166,24228.291666666668
Skill subcat: Software Development,0.0821970441565781,0.0791367582541119,-3.72310943035448,24107.125
Skill subcat: Distributed Computing,0.0050236384144488,0.0048361094160675,-3.7329318495920543,1494.8541666666667
Skill subcat: Litigation and Civil Justice,0.0158293760575368,0.01522653308299,-3.808381153846996,4837.166666666667
Skill subcat: Gastroenterology,0.0021165295929588,0.002034779188535,-3.8624739618932953,553.6458333333334
Skill subcat: Landscaping and Horticulture,0.0049339322787337,0.0047340385262478,-4.051408515424606,1365.375
Skill subcat: Basic Electrical Systems,0.0131255297393558,0.0125807410848029,-4.150603178471311,3873.0833333333335
Skill subcat: Mining Engineering,0.0001079688943588,0.0001034126110747,-4.219996241657018,34.916666666666664
Skill subcat: Mental Health Therapies,0.010814908786965,0.0103576943966065,-4.227630573357877,3212.2708333333335
Skill subcat: Endocrinology,0.001808165929139,0.001726910193636,-4.493820738105147,609.5625
Skill subcat: Legal Support,0.0046220127794752,0.0044127505120292,-4.527513822014135,1630.4583333333333
Skill subcat: Payment Processing and Collection,0.0209611301408661,0.0200104804494248,-4.535297882569327,6603.541666666667
Skill subcat: Agricultural Research and Agronomy,0.0004826842745798,0.0004605475077984,-4.586179402813801,141.54166666666666
Skill subcat: Enterprise Information Management,0.0039688649308553,0.0037866997749429,-4.589855263054843,1213.2708333333333
"Skill subcat: Company, Product, and Service Knowledge",0.0275794594438468,0.0263027953352198,-4.629039634465475,9605.041666666666
Skill subcat: Marketing Software,0.0020090117538175,0.001915624145452,-4.648435141708156,829.6458333333334
Skill subcat: Cash Management,0.0072450744613924,0.0068925578291261,-4.865603992682101,2190.9791666666665
"Skill subcat: Policy Analysis, Research, and Development",0.0329109689945782,0.0312997208699541,-4.895778440584793,8181.5
Skill subcat: Immunology,0.0016342042459319,0.0015531017112848,-4.962815073390753,508.25
Skill subcat: Networking Hardware,0.0063672805474762,0.0060467551958484,-5.033944228432762,1911.875
Skill subcat: First Aid,0.0376954777640964,0.0357933092272971,-5.046145186707382,10790.104166666666
Skill subcat: Promotions and Campaigns,0.0152635509912034,0.0144845573811497,-5.103619796616423,4898.5
Skill subcat: Web Design and Development,0.0273702883866238,0.0259708213193454,-5.113088497680341,8977.145833333334
Skill subcat: Chemistry,0.0089165978422334,0.0084589536843011,-5.132497461808485,2520.0
Skill subcat: Animation and Game Design,0.0030708709747106,0.0029132196932668,-5.133764418697428,960.125
Skill subcat: Sales Management,0.0249742317903542,0.0236716916118717,-5.215536515463822,9917.5625
Skill subcat: Construction Painting,0.0067505941393829,0.0063972344779275,-5.2344972036446755,1875.9166666666667
Skill subcat: Office and Productivity Equipment and Technology,0.1951079081244818,0.1844376890322027,-5.468880884864671,61259.395833333336
Skill subcat: Virtualization and Virtual Machines,0.0075955322605947,0.0071706128416499,-5.594333673615791,2336.7708333333335
Skill subcat: E-Commerce,0.0046569312435152,0.0043886155997912,-5.761640653330046,1395.4166666666667
Skill subcat: Internet of Things (IoT),0.0031756700071795,0.0029915180713071,-5.798837267602505,942.125
Skill subcat: Insurance,0.0071694376843881,0.0067526913206543,-5.812817993261749,2438.9375
Skill subcat: Mental and Behavioral Health Specialties,0.0285639936239332,0.0268968925712389,-5.836372443723942,8086.208333333333
Skill subcat: Higher Education,0.0043050331977261,0.0040515481765983,-5.88810839511505,1060.2916666666667
Skill subcat: Financial Advisement,0.0018567546226282,0.0017474185214998,-5.888559521862766,523.4583333333334
Skill subcat: Identity and Access Management,0.0119721121811973,0.0112534701990977,-6.0026332131121976,3420.125
Skill subcat: Animal Care,0.0017471258879018,0.0016405600641515,-6.0994931440389575,509.1041666666667
Skill subcat: Microsoft Windows,0.0012346262172858,0.0011591522841061,-6.113099829163005,412.75
Skill subcat: Query Languages,0.0354678184314256,0.033256887141227,-6.233626391409644,10421.395833333334
Skill subcat: Engineering Software,0.0081187462596475,0.0075941188293992,-6.4619266752534,2435.3958333333335
Skill subcat: Product Inspection,0.0031048573387702,0.0029033882082651,-6.488836958444605,1036.7708333333333
Skill subcat: Business Management,0.266558763061983,0.2491172278229236,-6.543223354845676,82133.54166666667
Skill subcat: Office Management,0.018135094066561,0.0169146802922341,-6.729569583965941,5625.75
Skill subcat: Specialized Accounting,0.005908149859856,0.0055101795927836,-6.735954173682732,1765.5416666666667
Skill subcat: Statistics,0.0126275122885873,0.0117587687095039,-6.879768233277177,3791.7083333333335
Skill subcat: Enterprise Application Management,0.0110266655550449,0.0102670670384101,-6.888741776404663,3483.1458333333335
Skill subcat: Power Tools,0.0097142388195181,0.0090405146659284,-6.935429178825982,2842.4583333333335
Skill subcat: Accounts Payable and Receivable,0.0212898815509278,0.0198027650846381,-6.985085674301902,6768.791666666667
Skill subcat: Physical Therapy,0.0170970191330461,0.0158970205104159,-7.018759312907215,5083.416666666667
Skill subcat: General Medical Tests and Procedures,0.028175445067897,0.0261933255847121,-7.034918094136228,7604.25
Skill subcat: Electromechanical Engineering,0.0019895011118007,0.0018492515549759,-7.049483711917107,617.9166666666666
Skill subcat: Hematology,0.0078722636306397,0.0073049026607238,-7.2070880312959735,2175.1458333333335
Skill subcat: Wind Energy,0.0001231024365441,0.0001141541885046,-7.26894470223943,23.270833333333332
Skill subcat: Civil and Architectural Engineering,0.0079492812555912,0.0073651656409373,-7.348030543554579,2164.8541666666665
Skill subcat: Medical Equipment and Technology,0.0107975616526909,0.0099893794080075,-7.484858810525888,3284.3125
Skill subcat: Brand Management,0.0167981215446928,0.0155229976609713,-7.590871874149302,5395.833333333333
Skill subcat: Marketing Strategy and Techniques,0.1053577415499833,0.0973150756074646,-7.633673448384563,33087.041666666664
Skill subcat: Image Analysis,0.0013903947657884,0.001283195753914,-7.709969464220085,376.625
Skill subcat: General Science and Research,0.1012340022302259,0.0933790851186086,-7.759168795632208,29588.770833333332
Skill subcat: Data Management,0.0347919782777084,0.0320577746894119,-7.858718370286905,10261.875
Skill subcat: Medical Support,0.0185925924918849,0.0171103983212876,-7.971960721691889,5562.375
Skill subcat: Business-to-Business (B2B) Sales,0.0180583752144933,0.0165660156998986,-8.264085206275702,5532.229166666667
Skill subcat: Databases,0.0324307888402229,0.029748755375005,-8.270022287868176,9957.625
Skill subcat: Insulation,0.0004545926050518,0.000416845054735,-8.303599728046326,118.70833333333333
Skill subcat: Journalism,0.0041739234111332,0.0038254327389924,-8.349234947897294,1290.6458333333333
Skill subcat: Extensible Languages and XML,0.0068027038953128,0.0062247619543489,-8.495768004280086,1846.8541666666667
Skill subcat: Construction Management,0.0141564664265541,0.0129518118108371,-8.509571381862362,4291.270833333333
Skill subcat: Hazardous Materials Management,0.005335998555816,0.004874018232229,-8.657804509400814,1574.7916666666667
Skill subcat: General Finance,0.0873732284176026,0.0797402849292862,-8.73602089170215,26159.958333333332
Skill subcat: Web Analytics and SEO,0.0090918976541559,0.0082904674262049,-8.814773971687481,2893.0416666666665
Skill subcat: Electronics Engineering,0.0049536667803236,0.0045157199786437,-8.840861145918483,1469.7083333333333
Skill subcat: Online Advertising,0.0051879148769146,0.0047269159236562,-8.886016139350557,1618.9791666666667
Skill subcat: Concrete and Masonry,0.0023854716287567,0.0021729712989825,-8.908105517270588,635.9791666666666
Skill subcat: Payroll,0.0066381599560006,0.0060457843275437,-8.923792623005705,1923.5208333333333
Skill subcat: Environmental Engineering and Restoration,0.0011476631427765,0.0010451393664832,-8.93326381862085,294.9375
Skill subcat: Middleware,0.0052203672749268,0.004747874817024,-9.050942836381674,1709.8333333333333
Skill subcat: Personal Attributes,0.3470448261825568,0.3151223229369547,-9.198380392742065,105504.39583333333
Skill subcat: JavaScript and jQuery,0.0146975127127476,0.0133238477885347,-9.346240762367074,4531.479166666667
Skill subcat: C and C++,0.0083298251598857,0.0075496700990102,-9.365803554107305,2552.2708333333335
Skill subcat: Firmware,0.0011548016343586,0.0010449368152028,-9.513739493174606,367.3541666666667
Skill subcat: Rail Transportation,0.0004794220278652,0.0004338025975699,-9.515505680545605,135.60416666666666
Skill subcat: Drafting and Engineering Design,0.0213133914977306,0.0192749081843861,-9.564331014899967,6286.0625
Skill subcat: Backup Software,0.0022634805476243,0.0020461057385834,-9.603564266061483,733.875
Skill subcat: Computer Science,0.1076085409988996,0.0972405761268598,-9.634890293834419,31145.3125
Skill subcat: Wireless Technologies,0.0042163391388702,0.0038085820144809,-9.670880613710832,1130.6875
Skill subcat: Database Architecture and Administration,0.0115939006024152,0.0104694187000152,-9.698909288266213,3872.8958333333335
Skill subcat: Occupational Health and Safety,0.1026255162875567,0.0926676450422445,-9.703114396433572,27939.208333333332
Skill subcat: Neurology,0.0039771519563406,0.0035844741525816,-9.873341729701107,1192.4583333333333
Skill subcat: Project Management,0.1241614214447251,0.1118901818660868,-9.883295016964086,35743.979166666664
Skill subcat: Telecommunications,0.017163761128332,0.0154543986321158,-9.959137064629605,5467.354166666667
Skill subcat: Lean Manufacturing,0.0122365534772197,0.0110138204588966,-9.992462506696947,3550.1875
Skill subcat: Geological Engineering,0.0012485361060035,0.0011232005580579,-10.03860019289251,331.6666666666667
Skill subcat: Physical Abilities,0.1149679253158503,0.1033936164004687,-10.067424356474747,34094.541666666664
"Skill subcat: Extraction, Transformation, and Loading (ETL)",0.0115640611286347,0.0103879316136373,-10.170557747097094,3456.7291666666665
Skill subcat: Dictation,0.0042989182306251,0.0038599431561446,-10.211291560590334,1379.9583333333333
Skill subcat: Childhood Education and Development,0.0166509941245785,0.0149443392149366,-10.249567664688012,5685.291666666667
Skill subcat: Financial Analysis,0.0254962237549296,0.0228382310334204,-10.425044693119654,7662.541666666667
Skill subcat: Investment Management,0.01869986112632,0.0167410683949323,-10.474905231412153,5315.270833333333
Skill subcat: Hepatology,0.0009061150140047,0.0008107594999539,-10.523555241554076,238.64583333333334
Skill subcat: Urology,0.0013168830724445,0.0011721117636226,-10.993482401832711,394.6458333333333
Skill subcat: Internal Controls,0.0115305570261947,0.010257452629825,-11.041135250252937,3425.9375
Skill subcat: Events and Conferences,0.0094764609492489,0.0084173774902458,-11.175938619649378,2356.125
Skill subcat: Geospatial Information and Technology,0.0027519394793066,0.0024442145580074,-11.182110784527026,821.5625
Skill subcat: Market Analysis,0.0325138721914041,0.028853083521934,-11.2591593148906,9976.6875
Skill subcat: Energy Management,0.0027821042283994,0.0024679388054738,-11.29236711258463,797.0208333333334
Skill subcat: Data Analysis,0.0841195818529124,0.0744985139766169,-11.437370068147104,24685.395833333332
Skill subcat: Augmented and Virtual Reality (AR/VR),0.0008574638906544,0.0007586649992198,-11.522221811486258,189.83333333333334
Skill subcat: Surveying and Cartography,0.0014124839807575,0.0012496409692588,-11.528839527891071,381.875
Skill subcat: Transportation Operations,0.0121605971791261,0.0107478686691876,-11.617262615716566,3723.4166666666665
Skill subcat: Computer Hardware,0.0078627886994155,0.0069239488686686,-11.940290737009013,2391.4583333333335
Skill subcat: Property Law,0.0034200004242836,0.002998886474536,-12.313271856854,993.0833333333334
Skill subcat: Livestock Farming,0.000470266243831,0.0004118772456313,-12.416157648066969,121.27083333333333
Skill subcat: Photo/Video Production and Technology,0.0075347703238691,0.0065940357902065,-12.48524498062647,2175.8125
Skill subcat: Machinery,0.0492183231146832,0.0429216220920653,-12.79340827590979,14052.270833333334
Skill subcat: Business Operations,0.2390330028808981,0.2077766944161719,-13.07614768170743,70502.77083333333
Skill subcat: Sea and Waterway Transportation,0.0001398540396511,0.0001212278961288,-13.318273514849805,47.208333333333336
Skill subcat: Technical Support and Services,0.0241336057442872,0.0208848335887717,-13.46161112408383,7231.791666666667
Skill subcat: Malware Protection,0.0010615875165509,0.0009174967846501,-13.573137367793395,321.3125
Skill subcat: Aerospace Engineering,0.0008853290540734,0.0007627198216024,-13.849001329717442,252.16666666666666
Skill subcat: Textiles,0.0017324788324108,0.0014920552269376,-13.877433938897992,517.5
Skill subcat: Java,0.0243196948772486,0.0208666959059447,-14.198364694674797,7336.6875
Skill subcat: System Design and Implementation,0.0453083348271939,0.0387817580628402,-14.404803860583455,12631.125
Skill subcat: Art and Illustration,0.0024320260291233,0.0020793277887194,-14.502239539395115,776.5208333333334
Skill subcat: Earth and Space Science,0.002751344991002,0.0023478602919028,-14.664998406915764,754.5625
Skill subcat: Conservation,0.000466081363927,0.0003974103952874,-14.733686852657685,129.29166666666666
Skill subcat: Scripting Languages,0.0417340011442059,0.0355249975515963,-14.877566066946876,11833.229166666666
Skill subcat: Education Administration,0.0055529438296343,0.0047039189654852,-15.289635375350338,1237.7083333333333
"Skill subcat: Molecular, Cellular, and Microbiology",0.0045639487508052,0.0038537727437603,-15.560560510667576,1325.75
Skill subcat: Specialized Sales,0.0206246862029368,0.0174126547105479,-15.573722968602203,8111.6875
Skill subcat: Banking Services,0.017923961558947,0.0150816129760482,-15.857814543682727,5449.666666666667
Skill subcat: Cybersecurity,0.022075045505988,0.0185244472183998,-16.08421729697035,6631.770833333333
Skill subcat: User Interface and User Experience (UI/UX) Design,0.0213077211833687,0.017869141766328,-16.13771546684501,6199.375
Skill subcat: Process Engineering,0.0096476585253608,0.0080864959747528,-16.181776609362487,2742.0
Skill subcat: Writing and Editing,0.0650395052590812,0.054461214091236,-16.264409032183092,19145.375
Skill subcat: Cleaning and Janitorial Services,0.0476946948435938,0.039900250652781,-16.34237144481851,14267.4375
Skill subcat: Labor Compliance,0.0055651127899581,0.0046432295547046,-16.565400739352146,1179.0625
Skill subcat: Cost Accounting,0.0120987932249738,0.0100734335602777,-16.740179181800052,3641.7291666666665
Skill subcat: Rehabilitation,0.0140024765995655,0.011613465723206,-17.06134525112244,4127.625
Skill subcat: Electrical Power,0.0045066861221349,0.0037337994652117,-17.149777818497572,1349.9583333333333
Skill subcat: Program Management,0.0212217856272208,0.0175815889000178,-17.153112330631533,5863.833333333333
Skill subcat: Critical Thinking and Problem Solving,0.3183439322583674,0.2636133481079734,-17.192281241903725,94235.75
Skill subcat: Roads and Drainage,0.0014631952408505,0.0012107650446015,-17.251983139466194,452.2916666666667
Skill subcat: Business Strategy,0.074792997381851,0.0616328385442189,-17.59544248566978,22409.833333333332
Skill subcat: Real Estate Sales,0.0115637666802157,0.0095131225251825,-17.73335809811538,3410.9375
Skill subcat: Intelligence Collection and Analysis,0.0021041896248344,0.0017303247167953,-17.76764335431619,634.6041666666666
Skill subcat: Client Support,0.0173408797785644,0.0142231240803402,-17.97922445710139,4935.479166666667
Skill subcat: Blood Collection,0.0077284942830257,0.0063316065988801,-18.074512744528022,2277.0208333333335
Skill subcat: Environmental Regulations,0.0033619288452312,0.00275323964394,-18.10535645793361,859.3541666666666
Skill subcat: Quality Assurance and Control,0.0960704608754596,0.0783561178130208,-18.43890713234184,27104.666666666668
Skill subcat: Interior Design,0.00150581837745,0.0012264452755682,-18.552908243482797,428.9791666666667
Skill subcat: Media Production,0.0071880523721037,0.0058220635447201,-19.003601485778,2075.3958333333335
Skill subcat: Business Intelligence Software,0.021232604663632,0.017169873039854,-19.1344005511335,5877.083333333333
Skill subcat: Supply Chain Management,0.0333505784818221,0.0269229226904594,-19.272996403544028,9515.020833333334
Skill subcat: Contract Management,0.0281438676555452,0.0226512667280699,-19.51615532982046,8283.916666666666
Skill subcat: Music,0.0012526322142547,0.0009987586815529,-20.267204516439122,359.8125
Skill subcat: Data Science,0.0309872601066141,0.0246992799068724,-20.292146443755946,8726.979166666666
Skill subcat: Orthopedics,0.004490717369267,0.003577180174274,-20.342789801133993,1389.0208333333333
Skill subcat: Search Engines,0.0019024978930749,0.0015052700451258,-20.879279256760864,555.6458333333334
Skill subcat: Social Media,0.0124853541181835,0.0098771736376059,-20.889919948518575,3776.3125
Skill subcat: General Lending,0.0146666675071715,0.0115784453676907,-21.05605883525187,4885.083333333333
Skill subcat: Funeral and Mortuary Services,0.0003282665756561,0.0002585318490613,-21.243322277153126,92.47916666666667
Skill subcat: Network Protocols,0.0122163542011053,0.0095821940011958,-21.562572241652664,3722.2291666666665
Skill subcat: Social Studies,0.0141096186087612,0.0110670710151103,-21.563641640615764,3774.5625
Skill subcat: Urban and Regional Planning,0.0021246201112727,0.0016653135637915,-21.618290490814577,593.5416666666666
Skill subcat: Pricing Analysis,0.0045954170586893,0.0035951152436586,-21.767378287010253,1372.375
Skill subcat: Industrial Engineering,0.0037804336403514,0.0029553847541611,-21.824186447394165,1048.3125
Skill subcat: Nuclear Energy,0.0004739528714279,0.000369959227536,-21.94176893128497,128.54166666666666
Skill subcat: Business Continuity,0.0097148466534815,0.0075493991691293,-22.29008404961463,2752.0
Skill subcat: Engineering Practices,0.0131926169603819,0.0102270449706318,-22.47902746404192,3548.875
Skill subcat: Travel and Tourism,0.0047292053131409,0.0036523607558991,-22.77009531071963,1449.5416666666667
Skill subcat: Business Solutions,0.0450024028164655,0.0344705457747648,-23.402877141145233,13014.875
Skill subcat: Business Leadership,0.0225651958410023,0.0172685483979292,-23.472641143440796,6176.8125
Skill subcat: Military Operations,0.002248486981289,0.0017136345666588,-23.78721420586491,441.1666666666667
Skill subcat: Initiative and Leadership,0.4208409106985872,0.320645579066995,-23.808362990487318,123344.97916666667
Skill subcat: Clean Energy,0.0003169459948837,0.0002408759983371,-24.000933210881275,66.29166666666667
Skill subcat: Special Education,0.0063455036561358,0.0048079005440148,-24.23138013062543,1720.125
Skill subcat: Business Analysis,0.059236223814672,0.0447977473374075,-24.37440394991602,16219.979166666666
Skill subcat: Auditing,0.0635809078405867,0.0476938451183158,-24.987159293327107,19210.416666666668
Skill subcat: Supplier Management,0.0139352708088202,0.0104416562790828,-25.070302383547137,3928.2708333333335
Skill subcat: Customer Relationship Management (CRM),0.050354022520159,0.0374924448182263,-25.5423043844881,16617.208333333332
Skill subcat: Structured Finance,0.0007005268800788,0.0005125797491757,-26.829396022884726,198.47916666666666
Skill subcat: Signal Processing,0.0012372892503882,0.0009013850365977,-27.148398297739178,346.75
Skill subcat: Integrated Development Environments (IDEs),0.0044361266187637,0.0032262951774726,-27.272247734629968,1065.3958333333333
Skill subcat: Architectural Design,0.0076270800785684,0.0055321238036065,-27.4673433788717,2008.375
Skill subcat: Coaching and Athletic Training,0.0040899385987067,0.0029496080221474,-27.881361762249675,1182.3541666666667
Skill subcat: Employee Training,0.0341753806415963,0.0246127622438243,-27.981015041374356,9444.291666666666
Skill subcat: Performance Management,0.0323365722260181,0.0230257909629192,-28.793346425281957,9005.854166666666
Skill subcat: Medical Billing and Coding,0.007301548809298,0.0051858431933007,-28.976120974540365,2621.5416666666665
Skill subcat: Budget Management,0.0347536389406952,0.0244896519413009,-29.53356054860649,10114.770833333334
Skill subcat: Content Development and Management,0.0138985788667255,0.0096860820705965,-30.308831115202096,3753.0833333333335
Skill subcat: Business Consulting,0.0376427537990453,0.0258925995264946,-31.214916781270958,10623.375
Skill subcat: Library and Archiving,0.0041953950226206,0.002880907001137,-31.331686632514565,1093.4791666666667
Skill subcat: Product Development,0.0370230879135205,0.0253923221476345,-31.414899246258027,10439.75
Skill subcat: Ground Passenger Transportation,0.0006458413640133,0.0004421313708892,-31.541800274022858,161.3125
Skill subcat: Instructional and Curriculum Design,0.0169119337617925,0.0114499212642126,-32.296794526949355,4114.9375
Skill subcat: Logistics,0.0091960165305969,0.0061885067279256,-32.70448451962588,2613.2708333333335
Skill subcat: Environmental Geology,0.0008580165487287,0.000572012811771,-33.33312596143559,235.04166666666666
Skill subcat: Poison Control,1.0207119339203644e-05,6.730424718781579e-06,-34.061467343374034,2.7916666666666665
Skill subcat: Hospitality Services,0.0108064824151168,0.0069480178570884,-35.70509264541931,2657.6666666666665
Skill subcat: Materials Science and Engineering,0.0042547136620581,0.0026986158367817,-36.57350291637913,1108.9583333333333
Skill subcat: Creative Design,0.0141861179365611,0.0088176007834844,-37.8434549683301,3882.625
Skill subcat: Agile Software Development,0.0492969225527692,0.0303976958702537,-38.33753853962199,12606.625
Skill subcat: Test Automation,0.01044569152838,0.0064022698330622,-38.70899005903235,2468.6666666666665
Skill subcat: Bioinformatics,0.0003421102681421,0.0002094112812958,-38.788367144590275,105.58333333333333
Skill subcat: Nutrition and Diet,0.0033370330270751,0.0020297152026875,-39.17605291229198,925.2916666666666
Skill subcat: Air Transportation,0.0020854818901942,0.0012592943075737,-39.616147543892865,532.1666666666666
Skill subcat: Natural Language Processing (NLP),0.0015254338982947,0.000914551554153,-40.04646447313203,405.2291666666667
Skill subcat: Training Programs,0.0105230974311895,0.0059147651442072,-43.79254603614734,2763.0416666666665
Skill subcat: Transportation Equipment Manufacturing,0.0002392322437119,0.000130504996006,-45.44840863376129,61.958333333333336
Skill subcat: Counseling Services,0.0108269479378055,0.0058953549882361,-45.549244144319566,2764.3541666666665
Skill subcat: Collaborative Software,0.0118116095540979,0.0059342021972645,-49.75958043579507,3287.0208333333335
Skill subcat: Fundraising and Crowdsourcing,0.0060560110404912,0.0029858118220748,-50.69672426104721,1649.7708333333333
Skill subcat: Transportation Security,0.000415725154332,0.0001982668292037,-52.308195177104146,109.75
Skill subcat: Theatre and Performance Art,0.0005195646813431,0.0002221796135576,-57.237352434492884,130.10416666666666
Skill subcat: Blockchain,0.0008100360638407,0.0003358289748455,-58.54147860365592,198.125
Skill subcat: Natural Gas,0.0006391176081056,0.0002488843086553,-61.058136171053924,172.64583333333334
Skill subcat: Disaster Management,0.0056304831111095,0.0021883063590201,-61.13466081263337,1400.3541666666667
Skill subcat: Science Software,0.0004572454502877,0.0001691648750888,-63.00348642455359,125.875
Skill subcat: Nuclear Medicine,0.0006575589653484,0.0002367676726486,-63.992936736380535,153.625
Skill subcat: Industrial Design,0.0057521078225568,0.0019896159968299,-65.41066234837163,1455.8333333333333
Skill subcat: Human Resources Management and Planning,0.028441280613437,0.0094670628874382,-66.71365464828783,7324.0
Skill subcat: Product Management,0.0361224585574832,0.011972447496934,-66.85594509609103,9243.041666666666
Skill subcat: Dance,0.0002127810094355,6.632872039784616e-05,-68.82770667654329,53.8125
Skill subcat: IT Automation,0.0197369318028435,0.003597679227709,-81.77184142070814,4894.8125
Skill subcat: Climate Change,0.0001515449489948,2.6562102249946554e-05,-82.4724595401342,19.875
Skill subcat: Electrical and Computer Engineering,0.0188037170820009,0.003261543560255,-82.65479348560832,4730.208333333333
Skill subcat: Electronics Manufacturing,0.0004973564199444,-0.0004384097675962,-188.1480061411915,133.125
